종목코드,기업명,업종코드,업종,상장주식수(주),자본금(원),액면가(원),통화구분,대표전화,주소,총카운트,
95570,AJ네트웍스,147603,산업용 기계 및 장비 임대업,46822295,46822295000,1000,원(KRW),02-6363-9999,"서울특별시 송파구 정의로8길 9 (문정동,AJ빌딩)",791,
68400,AJ렌터카,147601,운송장비 임대업,22146300,11073150000,500,원(KRW),1544-1600,서울특별시 구로구  서부샛길 822 ,791,
6840,AK홀딩스,116409,기타 금융업,13247561,66237805000,5000,원(KRW),02-768-2923,서울특별시 마포구 양화로 188 - ,791,
27410,BGF,116409,기타 금융업,95369179,95369179000,1000,,1577-3663,서울특별시 강남구 테헤란로 405 ,791,
282330,BGF리테일,74701,종합 소매업,17283906,17283906000,1000,원(KRW),1577-3663,서울특별시 강남구 테헤란로 405 BGF사옥,791,
138930,BNK금융지주,116409,기타 금융업,325935246,1629676230000,5000,원(KRW),051-620-3023,부산광역시 남구 문현금융로 30(문현동) ,791,
1460,BYC,31401,봉제의복 제조업,624615,4200000000,5000,원(KRW),02-840-3175,서울특별시 영등포구 도림천로21길 3 ,791,
1040,CJ,116409,기타 금융업,29176998,157914810000,5000,원(KRW),02-726-8114,"서울특별시 중구 소월로2길 12 (남대문로5가, CJ THE CENTER) ",791,
79160,CJ CGV,105901,"영화, 비디오물, 방송프로그램 제작 및 배급업",21161313,10580656500,500,원(KRW),02-371-6660,서울특별시 용산구 한강대로23길 55 아이파크몰 6층(한강로동) ,791,
120,CJ대한통운,84903,도로 화물 운송업,22812344,114061720000,5000,원(KRW),02-3782-0114,서울특별시 중구  세종대로9길 53 ,791,
11150,CJ씨푸드,31007,기타 식품 제조업,35930773,18065386500,500,원(KRW),031-730-9114,경기도 성남시 중원구  둔촌대로388번길 32 (상대원동),791,
97950,CJ제일제당,31007,기타 식품 제조업,15054186,81908095000,5000,원(KRW),726-8114,서울특별시 중구  동호로 330 ,791,
37560,CJ헬로,106002,텔레비전 방송업,77446865,193617162500,2500,원(KRW),02-1855-1000,"서울특별시 마포구 월드컵북로56길 19 6층(상암동, 드림타워) ",791,
590,CS홀딩스,116409,기타 금융업,1154482,5772410000,5000,원(KRW),02-3459-9363,경상북도 포항시 남구 괴동로 43 (장흥동),791,
12030,DB,106201,"컴퓨터 프로그래밍, 시스템 통합 및 관리업",201173933,100586966500,500,원(KRW),02-2136-6000,서울특별시 강남구 삼성로96길 23 7층,791,
16610,DB금융투자,116601,금융 지원 서비스업,42446389,212231945000,5000,원(KRW),02-369-3000,서울특별시 영등포구 국제금융로8길 32 동부증권빌딩,791,
5830,DB손해보험,116501,보험업,70800000,35400000000,500,원(KRW),02-1588-0100,서울특별시 강남구  테헤란로 432 ,791,
990,DB하이텍,32601,반도체 제조업,44398588,222554520000,5000,원(KRW),02-3484-2888,서울특별시 강남구  테헤란로 432 (주)동부하이텍,791,
139130,DGB금융지주,116409,기타 금융업,169145833,845729165000,5000,원(KRW),537407900,대구광역시 북구 옥산로 111 대구은행 제2본점 9층,791,
4840,DRB동일,116409,기타 금융업,19930000,9965000000,500,원(KRW),051-520-9000,부산광역시 금정구 공단동로55번길 28 ,791,
155660,DSR,32402,1차 비철금속 제조업,16000000,8000000000,500,원(KRW),02-3420-3591,부산광역시 강서구 녹산산업중로192번길 7 ,791,
69730,DSR제강,32401,1차 철강 제조업,14400000,7200000000,500,원(KRW),061-752-0121,전라남도 순천시  서면 산단1길 15 ,791,
17940,E1,74607,기타 전문 도매업,6860000,34300000000,5000,원(KRW),02-3441-4114,서울특별시 용산구 한강대로 92 LS용산타워,791,
7700,F&F,31401,봉제의복 제조업,15400000,7700000000,500,원(KRW),02-520-0001,"서울특별시 강남구  언주로 541(역삼동,외 에프앤에프빌딩) ",791,
114090,GKL,189102,유원지 및 기타 오락관련 서비스업,61855670,30927835000,500,원(KRW),3466-6209,서울특별시 강남구 삼성로 610 삼성동,791,
78930,GS,116409,기타 금융업,92915378,473501020000,5000,원(KRW),-,서울특별시 강남구 논현로 508 ,791,
6360,GS건설,64101,건물 건설업,79820307,399101535000,5000,원(KRW),02-2154-1112,서울특별시 종로구 종로 33 그랑서울,791,
1250,GS글로벌,74608,상품 종합 도매업,82533764,206334410000,2500,원(KRW),02-2005-5300,서울특별시 강남구 논현로 508 GS강남타워 ,791,
7070,GS리테일,74701,종합 소매업,77000000,77000000000,1000,원(KRW),02-2005-1114,서울특별시 강남구 논현로 508GS타워(역삼동 679) ,791,
12630,HDC,116409,기타 금융업,59741721,298708605000,5000,원(KRW),02-2008-9114,서울특별시 강남구 영동대로 520 아이파크타워,791,
39570,HDC아이콘트롤스,64203,전기 및 통신 공사업,16460000,8230000000,500,원(KRW),031-785-1711,경기도 성남시 분당구 정자일로213번길 5 ,791,
89470,HDC현대EP,32004,기타 화학제품 제조업,31900000,17200000000,500,원(KRW),041-350-0500,충청남도 당진시  석문면 대호만로 1221-32 현대EP 주식회사,791,
294870,HDC현대산업개발,64101,건물 건설업,43938220,219691100000,5000,원(KRW),02-2008-9114,서울특별시 용산구 한강대로23길 55 현대아이파크몰 9층 ,791,
82740,HSD엔진,32901,일반 목적용 기계 제조업,32947142,32947142000,1000,원(KRW),055-260-6000,경상남도 창원시 성산구 공단로 67 (신촌동),791,
175330,JB금융지주,116409,기타 금융업,196982894,984914470000,5000,원(KRW),02-2128-2727,전라북도 전주시 덕진구  백제대로 566 ,791,
234080,JW생명과학,32102,의약품 제조업,15834554,39586385000,2500,원(KRW),041-351-7600,충청남도 당진시 송악읍 한진1길 28 ,791,
1060,JW중외제약,32102,의약품 제조업,20318022,51432967500,2500,원(KRW),02-840-6777,서울특별시 서초구  남부순환로 2477 ,791,
96760,JW홀딩스,116409,기타 금융업,64520904,32260452000,500,원(KRW),02-840-6777,서울특별시 서초구  남부순환로 2477 ,791,
105560,KB금융,116409,기타 금융업,418111537,2090557685000,5000,원(KRW),02-2073-7114,"서울특별시 영등포구 국제금융로8길 26 (여의도동, 국민은행 여의도본점)",791,
9440,KC그린홀딩스,116409,기타 금융업,22434980,11217490000,500,원(KRW),02-320-6311,서울특별시 마포구 상암산로 34디지털큐브 12층 ,791,
119650,KC코트렐,32901,일반 목적용 기계 제조업,13000000,6500000000,500,원(KRW),02-3206-311,서울특별시 마포구 상암산로 34디지털큐브 12층 ,791,
92220,KEC,32601,반도체 제조업,112451621,56225810500,500,원(KRW),02-2025-5000,서울특별시 서초구  마방로10길 5 ,791,
1390,KG케미칼,32001,기초 화학물질 제조업,12455526,64585875000,5000,원(KRW),052-231-1842,울산광역시 울주군 온산읍 당월로 322 ,791,
1940,KISCO홀딩스,116409,기타 금융업,18476380,18476380000,1000,원(KRW),055-260-0500,경상남도 창원시 성산구  공단로103번길 12 한국철강(주) ,791,
25000,KPX케미칼,32001,기초 화학물질 제조업,4840000,24200000000,5000,원(KRW),02-2014-4000,서울특별시 마포구  마포대로 137  KPX빌딩,791,
92230,KPX홀딩스,116409,기타 금융업,4224646,21123230000,5000,원(KRW),02-2014-4150,서울특별시 마포구  마포대로 137 KPX빌딩 19층,791,
40,KR모터스,33109,그외 기타 운송장비 제조업,189444075,94722037500,500,원(KRW),055-282-7011,경상남도 창원시 성산구 완암로 28 　,791,
44450,KSS해운,85001,해상 운송업,23185880,11592940000,500,원(KRW),3702-2700,서울특별시 종로구 인사동길 12 대일빌딩 8층 ,791,
30210,KTB투자증권,116601,금융 지원 서비스업,60314092,301570460000,5000,원(KRW),02-2184-2000,서울특별시 영등포구  여의대로 66 KTB빌딩,791,
58850,KTcs,106309,기타 정보 서비스업,42685000,23842500000,500,원(KRW),042-604-5138,대전광역시 서구 갈마로 160 ,791,
58860,KTis,106309,기타 정보 서비스업,34802000,17401000000,500,원(KRW),02-3215-2054,서울특별시 영등포구 여의대로 14 케이티빌딩 10층,791,
93050,LF,31401,봉제의복 제조업,29240000,146200000000,5000,원(KRW),02-3441-8114,서울특별시 강남구 언주로 870 (신사동) ,791,
3550,LG,116409,기타 금융업,172557131,879359040000,5000,원(KRW),02-3773-5114,서울특별시 영등포구  여의대로 128 ,791,
34220,LG디스플레이,32602,전자부품 제조업,357815700,1789078500000,5000,원(KRW),02-3777-5114,서울특별시 영등포구 여의대로 128 LG트윈타워 (동관 12층) ,791,
1120,LG상사,74601,상품 중개업,38760000,193800000000,5000,원(KRW),02-3773-1114,서울특별시 종로구 새문안로 58 LG광화문빌딩 ,791,
51900,LG생활건강,32004,기타 화학제품 제조업,15618197,88589470000,5000,원(KRW),02-3773-5114,서울특별시 종로구  새문안로 58 ,791,
32640,LG유플러스,106102,전기 통신업,436611361,2573969175000,5000,원(KRW),02-3773-1114,서울특별시 용산구 한강대로 32 (한강로3가) LG유플러스 용산사옥,791,
11070,LG이노텍,32602,전자부품 제조업,23667107,118335535000,5000,원(KRW),02-3777-1114,서울특별시 중구 후암로 98 LG서울역빌딩 ,791,
66570,LG전자,32604,통신 및 방송 장비 제조업,163647814,904169030000,5000,원(KRW),02-3777-1114,서울특별시 영등포구  여의대로 128 LG트윈타워,791,
108670,LG하우시스,32202,플라스틱제품 제조업,8967670,50000000000,5000,원(KRW),3777-1114,서울특별시 영등포구 국제금융로 10 국제금융센터(One IFC),791,
51910,LG화학,32001,기초 화학물질 제조업,70592343,391405715000,5000,원(KRW),02-3777-1114,서울특별시 영등포구  여의대로 128 ,791,
79550,LIG넥스원,32502,무기 및 총포탄 제조업,22000000,110000000000,5000,원(KRW),1644 - 2005,경기도 용인시 기흥구 마북로 207 엘아이지넥스원(주) ,791,
6260,LS,116409,기타 금융업,32200000,161000000000,5000,원(KRW),02-2189-9988,서울특별시 용산구 한강대로 92 LS용산타워 - ,791,
680,LS네트웍스,74608,상품 종합 도매업,78803016,394015080000,5000,원(KRW),02-799-7114,"경상남도 김해시 호계로 428 1층(부원동, 세화빌딩)",791,
10120,LS산전,32801,"전동기, 발전기 및 전기 변환 · 공급 · 제어 장치 제조업",30000000,150000000000,5000,원(KRW),02-2034-4237,경기도 안양시 동안구  엘에스로 127 LS타워,791,
229640,LS전선아시아,116409,기타 금융업,30624879,15312439500,500,원(KRW),031-428-0288,"경기도 안양시 동안구 엘에스로 127(호계동, LS타워) 3층 ",791,
23150,MH에탄올,31101,알코올음료 제조업,7378526,4596763000,500,원(KRW),055-231-0701,경상남도 창원시 마산회원구 내서읍 광려천남로 25 ,791,
35420,NAVER,106301,"자료처리, 호스팅, 포털 및 기타 인터넷 정보매개 서비스업",164813395,16481339500,100,원(KRW),1588-3830,경기도 성남시 분당구  불정로 6 ,791,
5940,NH투자증권,116601,금융 지원 서비스업,281408887,1531275030000,5000,원(KRW),02-768-7000,서울특별시 영등포구 여의대로 60 우리투자증권빌딩,791,
34310,NICE,137105,회사 본부 및 경영 컨설팅 서비스업,37882300,18941150000,500,원(KRW),02-2122-4000,서울특별시 영등포구 은행로 17 (여의도동) NICE 그룹 1사옥,791,
8260,NI스틸,32401,1차 철강 제조업,28600117,14300058500,500,원(KRW),02-758-6789,서울특별시 동작구 동작대로 35 - ,791,
10060,OCI,32001,기초 화학물질 제조업,23849371,127246855000,5000,원(KRW),02-727-9500,서울특별시 중구  소공로 94 OCI 빌딩,791,
100840,S&TC,32901,일반 목적용 기계 제조업,7506711,3753355500,500,원(KRW),055-212-6500,경상남도 창원시 성산구  완암로 12 ,791,
64960,S&T모티브,33003,자동차 신품 부품 제조업,14623136,73115680000,5000,원(KRW),051-509-2114,부산광역시 기장군  철마면 여락송정로 363 ,791,
3570,S&T중공업,33003,자동차 신품 부품 제조업,33252697,85631742500,2500,원(KRW),055-280-5000,경상남도 창원시 성산구  남면로 599 ,791,
36530,S&T홀딩스,116409,기타 금융업,16303886,8351943000,500,원(KRW),02-3279-5010,서울특별시 금천구  가산디지털1로 134 ,791,
10950,S-Oil,31902,석유 정제품 제조업,112582792,291511797500,2500,원(KRW),02-3772-5151,서울특별시 마포구  백범로 192 ,791,
34120,SBS,106002,텔레비전 방송업,18252582,91262910000,5000,원(KRW),02-2061-0006,서울특별시 양천구  목동서로 161 ,791,
101060,SBS미디어홀딩스,116409,기타 금융업,139896190,69948095000,500,원(KRW),02-2113-5599,서울특별시 양천구  목동서로 161 ,791,
4060,SG세계물산,74608,상품 종합 도매업,202424960,101212480000,500,원(KRW),02-850-5191,서울특별시 금천구  디지털로10길 35 ,791,
1380,SG충방,33003,자동차 신품 부품 제조업,44964143,22482071500,500,원(KRW),070-5038-5498,충청남도 예산군 예산읍 창말로 75 (주)SG충방,791,
2360,SH에너지화학,32001,기초 화학물질 제조업,111133730,55566865000,500,원(KRW),063-469-1500,전라북도 군산시 외항7길 20 ,791,
9160,SIMPAC,32902,특수 목적용 기계 제조업,65429516,32714758000,500,원(KRW),032-510-0044,인천광역시 부평구  부평북로 141 (주)SIMPAC,791,
34730,SK,116409,기타 금융업,70360297,15385286400,200,원(KRW),02-2121-5114,서울특별시 종로구 종로 26 SK주식회사,791,
11790,SKC,32004,기타 화학제품 제조업,37534555,187672775000,5000,원(KRW),031-250-7114,경기도 수원시 장안구 장안로309번길 84 (정자동) ,791,
18670,SK가스,74607,기타 전문 도매업,9054167,45270835000,5000,원(KRW),02-6200-8114,경기도 성남시 분당구 판교로 332 ECO Hub,791,
1740,SK네트웍스,74607,기타 전문 도매업,248187647,620753237500,2500,원(KRW),070-7800-2114,서울특별시 중구  남대문로 90 5-3 SK네트웍스,791,
6120,SK디스커버리,116409,기타 금융업,19037855,111677150000,5000,원(KRW),02-2008-2008,경기도 성남시 분당구 판교로 332 -,791,
210980,SK디앤디,126801,부동산 임대 및 공급업,18990164,18990164000,1000,원(KRW),02-398-4700,경기도 성남시 분당구 판교로 332 (삼평동),791,
96770,SK이노베이션,116409,기타 금융업,92465564,468569950000,5000,원(KRW),02-2121-5114,서울특별시 종로구  종로 26 ,791,
1510,SK증권,116601,금융 지원 서비스업,472590171,238251342500,500,원(KRW),02-3773-8245,서울특별시 영등포구 국제금융로8길 31 여의도동 SK증권빌딩,791,
285130,SK케미칼,32002,합성고무 및 플라스틱 물질 제조업,11579852,65192610000,5000,원(KRW),02-2008-2726,경기도 성남시 분당구 판교로 310 ,791,
17670,SK텔레콤,106102,전기 통신업,80745711,44639473000,500,원(KRW),02-6100-2114,서울특별시 중구  을지로 65 (을자로2가),791,
660,SK하이닉스,32601,반도체 제조업,728002365,3657652050000,5000,원(KRW),031-630-4114,경기도 이천시  부발읍 경충대로 2091 ,791,
5610,SPC삼립,31007,기타 식품 제조업,8629009,43145045000,5000,원(KRW),02-2276-5061,경기도 시흥시 공단1대로 101 ,791,
11810,STX,74608,상품 종합 도매업,19726902,49317255000,2500,원(KRW),02-316-9600,경상남도 창원시 성산구  중앙대로 105  ,791,
77970,STX엔진,32901,일반 목적용 기계 제조업,23008904,57522260000,2500,원(KRW),-,경상남도 창원시 성산구  공단로474번길 36 ,791,
71970,STX중공업,32901,일반 목적용 기계 제조업,28081731,70204327500,2500,원(KRW),055-280-0700,경상남도 창원시 성산구  남면로 381 ,791,
2710,TCC동양,32401,1차 철강 제조업,22342500,22342500000,1000,원(KRW),02-2633-3311,경상북도 포항시 남구  괴동로 100 ,791,
24070,WISCOM,32202,플라스틱제품 제조업,15326438,7663219000,500,원(KRW),031-495-1181,경기도 안산시 단원구  강촌로 237 ,791,
37270,YG PLUS,33304,"인형,장난감 및 오락용품 제조업",58170704,29710352000,500,원(KRW),02-3140-4600,서울특별시 강남구 도산대로15길 12 -,791,
500,가온전선,32803,절연선 및 케이블 제조업,4160347,20801735000,5000,원(KRW),02-6921-3921,경기도 군포시  엘에스로45번길 120 ,791,
860,강남제비스코,32004,기타 화학제품 제조업,6500000,6500000000,1000,원(KRW),051-892-4221,부산광역시 부산진구  냉정로 289 (가야동),791,
35250,강원랜드,189102,유원지 및 기타 오락관련 서비스업,213940500,106970250000,500,원(KRW),033-590-7700,강원도 정선군 사북읍 하이원길 265 강원랜드,791,
11420,갤럭시아에스엠,189101,스포츠 서비스업,27549644,13774822000,500,원(KRW),02-775-1300,서울특별시 강남구  학동로 311 미성빌딩 7층  ,791,
2100,경농,32003,"비료, 농약 및 살균, 살충제 제조업",21691750,10845875000,500,원(KRW),02-3488-5800,서울특별시 서초구 강남대로39길 15-10한라비발디스튜디오193 ,791,
9450,경동나비엔,32805,가정용 기기 제조업,12739510,12739510000,1000,원(KRW),031-8060-5500,경기도 평택시 서탄면 수월암길 95 -,791,
267290,경동도시가스,43502,연료용 가스 제조 및 배관공급업,4717063,11792657500,2500,원(KRW),052-219-5300,울산광역시 북구 염포로 260-10(진장동) 주식회사 경동도시가스 ,791,
12320,경동인베스트,116409,기타 금융업,2365023,11825115000,5000,원(KRW),031-738-5557,경기도 성남시 분당구 수내로46번길 4 경동빌딩 -,791,
50,경방,31301,방적 및 가공사 제조업,27415270,13707635000,500,원(KRW),02-2638-6000,서울특별시 영등포구 영중로 15 (영등포동 4가) ,791,
214390,경보제약,32101,기초 의약물질 및 생물학적 제제 제조업,23906860,11953430000,500,원(KRW),02-2175-2315,충청남도 아산시 실옥로 174 ,791,
12610,경인양행,32001,기초 화학물질 제조업,40396365,20198182500,500,원(KRW),032-571-7498,인천광역시 서구  건지로 199 (석남동) 223-52,791,
9140,경인전자,32602,전자부품 제조업,1570797,7853985000,5000,원(KRW),02-2113-2000,"서울특별시 금천구  가산디지털2로 184 1411호(가산동,벽산/경인디지털밸리2)",791,
13580,계룡건설산업,64102,토목 건설업,8930907,44654535000,5000,원(KRW),042-480-7114-5,대전광역시 서구 문정로48번길 48 -,791,
12200,계양전기,32901,일반 목적용 기계 제조업,32600000,17000000000,500,원(KRW),02-559-6800,서울특별시 강남구 테헤란로 508 (대치동)해성2빌딩 2층,791,
4200,고려개발,64102,토목 건설업,30438889,152194445000,5000,원(KRW),031-420-9000,"경기도 용인시 수지구 풍덕천로 112 501(풍덕천동, 하나프라자빌딩)",791,
2140,고려산업,31006,"곡물가공품, 전분 및 전분제품 제조업",24939425,24939425000,1000,원(KRW),051-600-5069,부산광역시 사상구 새벽시장로 21(감전동) ,791,
10130,고려아연,32402,1차 비철금속 제조업,18870000,94350000000,5000,원(KRW),02-519-3416,서울특별시 강남구  강남대로 542 영풍빌딩 ,791,
2240,고려제강,32401,1차 철강 제조업,20000000,20000000000,1000,원(KRW),051-760-1700,부산광역시 수영구 구락로 150 ,791,
9290,광동제약,32102,의약품 제조업,52420851,52420851000,1000,원(KRW),02-6006-7777,서울특별시 서초구  서초중앙로 85 가산빌딩 ,791,
17040,광명전기,32801,"전동기, 발전기 및 전기 변환 · 공급 · 제어 장치 제조업",43337615,21668807500,500,원(KRW),031-494-0720,경기도 안산시 단원구  목내로 160 (목내동) ,791,
17900,광전자,32601,반도체 제조업,57943763,28971881500,500,원(KRW),063-839-1111,전라북도 익산시 약촌로8길 62-8 (어양동),791,
37710,광주신세계,74701,종합 소매업,1600000,8000000000,5000,원(KRW),062-360-1234,광주광역시 서구  무진대로 932 (주)광주신세계,791,
30610,교보증권,116601,금융 지원 서비스업,36000000,180000000000,5000,원(KRW),02-3771-9000,서울특별시 영등포구 의사당대로 97 교보증권빌딩 ,791,
7690,국도화학,32001,기초 화학물질 제조업,5810616,29053080000,5000,원(KRW),02-3282-1400,서울특별시 금천구  가산디지털2로 61 ,791,
5320,국동,74604,생활용품 도매업,13828199,6914099500,500,원(KRW),02-3407-7710,"서울특별시 동대문구 천호대로 405 7,8층(장안동,동보빌딩) ",791,
1140,국보,84903,도로 화물 운송업,1682304,8411520000,5000,원(KRW),02-765-5544,서울특별시 중구 소공로 88 ,791,
2720,국제약품,32102,의약품 제조업,18400520,18400520000,1000,원(KRW),031-781-9081,경기도 성남시 분당구  야탑로 96-8 ,791,
83420,그린케미칼,32004,기타 화학제품 제조업,20000000,10000000000,500,원(KRW),041-661-5000,충남 서산시 대산읍 독곳리 411-13,791,
14530,극동유화,31902,석유 정제품 제조업,34869420,17434710000,500,원(KRW),055-370-9900,경상남도 양산시  어실로 101 ,791,
14280,금강공업,32401,1차 철강 제조업,4855964,24869695000,5000,원(KRW),051-264-8881,부산광역시 사하구  다산로 110 ,791,
8870,금비,32301,유리 및 유리제품 제조업,1000000,5000000000,5000,원(KRW),031-632-5280,경기도 이천시 부발읍 중부대로1707번길 13 ,791,
1570,금양,32001,기초 화학물질 제조업,44048135,22024067500,500,원(KRW),051-316-5881,부산광역시 사상구  낙동대로960번길 81 (감전동) (주)금양,791,
2990,금호산업,64101,건물 건설업,36035349,181638075000,5000,원(KRW),02-6303-0114,전라남도 나주시 시청길 4 ,791,
11780,금호석유화학,32001,기초 화학물질 제조업,30467691,167455885000,5000,원(KRW),02-6961-1114,서울특별시 중구 청계천로 100,,
 시그니쳐타워) ,791,,,,,,,,,,
214330,금호에이치티,33003,자동차 신품 부품 제조업,23017197,11508598500,500,원(KRW),062-958-2700,광주광역시 광산구 용아로 717 ,791,
1210,금호전기,32804,전구 및 조명장치 제조업,9937180,49685900000,5000,원(KRW),02-707-4000,서울특별시 마포구  마포대로4다길 41 마포타워빌딩 ,791,
73240,금호타이어,32201,고무제품 제조업,287260287,1436301435000,5000,원(KRW),02-6303-8114,광주광역시 광산구  어등대로 658 ,791,
92440,기신정기,32902,특수 목적용 기계 제조업,29200000,14600000000,500,원(KRW),032-820-1600,"인천광역시 남동구  은봉로 111 49동 1호(논현동, 남동공단)",791,
270,기아자동차,33001,자동차용 엔진 및 자동차 제조업,405363347,2139316735000,5000,원(KRW),02-3464-1114,서울특별시 서초구 헌릉로 12 기아자동차,791,
24110,기업은행,116401,은행 및 저축기관,574944394,2874721970000,5000,원(KRW),02-729-6114,서울특별시 중구 을지로 79 중소기업은행본점,791,
13700,까뮤이앤씨,64101,건물 건설업,45152280,22576140000,500,원(KRW),031-633-9114,경기도 이천시 대월면 경충대로 1937번길 57 ,791,
4540,깨끗한나라,31701,"펄프, 종이 및 판지 제조업",37240693,188034265000,5000,원(KRW),02-2270-9200,서울특별시 중구  삼일대로6길 5 신조양빌딩 8층 ,791,
74610,나노메딕스,32901,일반 목적용 기계 제조업,28612662,14306331000,500,원(KRW),031-366-9600,경기도 화성시  비봉면 현대기아로 818-11 ,791,
1260,남광토건,64102,토목 건설업,9827396,49136980000,5000,원(KRW),02-3011-0114,"경기도 용인시 기흥구 흥덕중앙로 120 비122호(영덕동, 흥덕유타워) ",791,
8350,남선알미늄,32402,1차 비철금속 제조업,110179090,55243490000,500,원(KRW),053-610-5110,대구광역시 달성군  논공읍 논공중앙로 288 ,791,
4270,남성,74607,기타 전문 도매업,36212160,18106080000,500,원(KRW),02-2109-1550,서울특별시 구로구 디지털로31길 20 크라운프라자 13층 (주)남성,791,
3920,남양유업,31005,낙농제품 및 식용빙과류 제조업,720000,4433310000,5000,원(KRW),02-2010-6601,서울특별시 강남구 도산대로 240 1964빌딩,791,
2070,남영비비안,31401,봉제의복 제조업,6867945,6867945000,1000,원(KRW),02-3780-1114,서울특별시 용산구  서빙고로51길 52 ,791,
25860,남해화학,32003,"비료, 농약 및 살균, 살충제 제조업",49678843,49678843000,1000,원(KRW),061-688-5354,서울특별시 강남구 테헤란로113길 15 (삼성동) ,791,
5720,넥센,116409,기타 금융업,53543977,28572288500,500,원(KRW),055-333-0771,경상남도 김해시  김해대로 2595 ,791,
2350,넥센타이어,32201,고무제품 제조업,97667877,54083938500,500,원(KRW),055-370-5114,경상남도 양산시  충렬로 355 넥센타이어 ,791,
3580,넥스트사이언스,20702,기타 비금속광물 광업,23480639,11740319500,500,원(KRW),02-6925-4450,강원도 정선군  사북읍 동탄길 32 ,791,
251270,넷마블,105802,소프트웨어 개발 및 공급업,85266590,8526659000,100,원(KRW),02-2271-7114,"서울특별시 구로구 디지털로 300 (구로동, 지밸리비즈플라자)",791,
90350,노루페인트,32004,기타 화학제품 제조업,20000000,10231563000,500,원(KRW),031-467-6114,경기도 안양시 만안구  박달로 351 ,791,
320,노루홀딩스,116409,기타 금융업,13291151,8500200500,500,원(KRW),02-2191-7700,경기도 안양시 만안구  박달로 351 ,791,
6280,녹십자,32102,의약품 제조업,11686538,58432690000,5000,원(KRW),031-260-9312,경기도 용인시 기흥구  이현로30번길 107(보정동) ,791,
5250,녹십자홀딩스,137105,회사 본부 및 경영 컨설팅 서비스업,47028210,25744900000,500,원(KRW),031-260-9300,경기 용인시 구성읍 동백리 (주)녹십자 303,791,
4370,농심,31007,기타 식품 제조업,6082642,30413210000,5000,원(KRW),02-820-7114,서울특별시 동작구  여의대방로 112 ,791,
72710,농심홀딩스,116409,기타 금융업,4637790,23188950000,5000,원(KRW),02-820-7820,서울특별시 동작구  여의대방로 112 (신대방동),791,
58730,다스코,32501,"구조용 금속제품, 탱크 및 증기발생기 제조업",15400000,8000000000,500,원(KRW),061-370-2114,전라남도 화순군  동면 동농공길 26-2 ,791,
23590,다우기술,106301,"자료처리, 호스팅, 포털 및 기타 인터넷 정보매개 서비스업",44866617,22433308500,500,원(KRW),070-8707-1000,경기도 용인시 수지구  디지털벨리로 81 디지털스퀘어 6층,791,
19680,대교,168501,초등 교육기관,84702850,52064920000,500,원(KRW),02-829-1114,서울특별시 관악구 보라매로 3길 23 (보라매동 729-21) 대교타워,791,
6370,대구백화점,74701,종합 소매업,10821611,54108055000,5000,원(KRW),053-423-1234,대구광역시 중구 동성로 30 9층 재무팀,791,
8060,대덕전자,32602,전자부품 제조업,78006972,40657424000,500,원(KRW),031-599-8829,경기도 안산시 단원구 강촌로 230 (목내동),791,
490,대동공업,32902,특수 목적용 기계 제조업,23728210,23728210000,1000,원(KRW),053-610-3000,대구광역시 달성군 논공읍 논공중앙로34길 35 35,791,
8110,대동전자,32604,통신 및 방송 장비 제조업,10490447,5245223500,500,원(KRW),02-855-5121,서울특별시 금천구  가산디지털1로 33 ,791,
5750,대림비앤코,32302,"내화, 비내화 요업제품 제조업",16672240,16672240000,1000,원(KRW),055-280-8400,경상남도 창원시 성산구  공단로 52 ,791,
210,대림산업,64102,토목 건설업,34800000,218500000000,5000,원(KRW),02-2011-7114,서울특별시 종로구  종로1길 36 대림빌딩,791,
4440,대림씨엔에스,32303,"시멘트, 석회, 플라스터 및 그 제품 제조업",12731947,12731947000,1000,원(KRW),02-311-3300,서울특별시 중구 을지로5길 16 삼화타워 5층 ,791,
6570,대림통상,32509,기타 금속 가공제품 제조업,15225000,16425000000,1000,원(KRW),02-730-9811,서울특별시 서대문구  연희로 142 ,791,
1680,대상,31007,기타 식품 제조업,34648025,36018248000,1000,원(KRW),02-2220-9500,서울특별시 동대문구  천호대로 26 ,791,
84690,대상홀딩스,116409,기타 금융업,36212538,37126020000,1000,원(KRW),02-2211-6500,서울특별시 중구 세종대로9길 41 올리브타워 2층 ,791,
128820,대성산업,74707,연료 소매업,45235478,226177390000,5000,원(KRW),02-2170-2125,"서울특별시 구로구 경인로 662(신도림동, 디큐브시티) ",791,
117580,대성에너지,43502,연료용 가스 제조 및 배관공급업,27500000,27500000000,1000,원(KRW),053-606-1000,대구광역시 중구 명덕로 85 (남산동),791,
16710,대성홀딩스,137105,회사 본부 및 경영 컨설팅 서비스업,16089459,16089459000,1000,원(KRW),053-606-1000,대구광역시 중구 명덕로 85 대성홀딩스,791,
3540,대신증권,116601,금융 지원 서비스업,50773400,434867000000,5000,원(KRW),02-769-2000,서울특별시 중구 삼일대로 343 저동1가 대신파이낸스센터,791,
9190,대양금속,32401,1차 철강 제조업,12317933,6158966500,500,원(KRW),041-333-4675,충청남도 예산군  신암면 추사로 146-8 ,791,
14160,대영포장,31702,"골판지, 종이 상자 및 종이용기 제조업",108394549,54197274500,500,원(KRW),031-490-9300,"경기도 안산시 단원구 산단로 265 (원시동, 대영포장(주))",791,
47040,대우건설,64101,건물 건설업,415622638,2078113190000,5000,원(KRW),02-2288-3114,서울특별시 종로구 새문안로 75 (주)대우건설,791,
9320,대우부품,33003,자동차 신품 부품 제조업,47646375,23823187500,500,원(KRW),063-530-8171,전라북도 정읍시  공단2길 3 ,791,
42660,대우조선해양,33101,선박 및 보트 건조업,107205752,541028760000,5000,원(KRW),055-735-2114,경상남도 거제시 거제대로 3370 (아주동),791,
3090,대웅,116409,기타 금융업,58141980,29070990000,500,원(KRW),02-550-8800,경기 성남시 중원구 상대원동 223-23,791,
69620,대웅제약,32102,의약품 제조업,11586575,28966437500,2500,원(KRW),02-550-8800,경기도 화성시 향남읍 제약공단4길 35-14 -,791,
430,대원강업,33003,자동차 신품 부품 제조업,62000000,31000000000,500,원(KRW),02-3455-7300,충청남도 천안시 서북구 성거읍 오목모전길 117-8 대원강업주식회사,791,
6340,대원전선,32803,절연선 및 케이블 제조업,68107171,35364185500,500,원(KRW),041-339-3400,충청남도 예산군  고덕면 호음덕령길 92 ,791,
3220,대원제약,32102,의약품 제조업,19662677,9831338500,500,원(KRW),02-2204-7000,서울특별시 성동구 천호대로 386 대원제약,791,
24890,대원화성,32202,플라스틱제품 제조업,41249152,20624576000,500,원(KRW),031-372-3992,서울특별시 강남구 봉은사로 327 궁도빌딩 13층,791,
2880,대유에이텍,33003,자동차 신품 부품 제조업,103311545,51655772500,500,원(KRW),062-940-8672,광주광역시 광산구  소촌로123번길 40-12 ,791,
300,대유플러스,32604,통신 및 방송 장비 제조업,102144091,51072045500,500,원(KRW),031-737-7000,광주광역시 광산구 소촌로123번길 40-16 2층(소촌동),791,
12800,대창,32402,1차 비철금속 제조업,91140499,45570249500,500,원(KRW),031-496-3000,경기도 시흥시 공단1대로 391 ,791,
15230,대창단조,33003,자동차 신품 부품 제조업,2000000,10000000000,5000,원(KRW),055-329-3911,경남 김해시 생림면 봉림리 1072-1,791,
1070,대한방직,31302,직물직조 및 직물제품 제조업,5300000,5300000000,1000,원(KRW),02-368-0114,"서울특별시 영등포구  국제금융로2길 17 (여의도동,대한빌딩)",791,
6650,대한유화,32001,기초 화학물질 제조업,6500000,41000000000,5000,원(KRW),02-2122-1515,서울특별시 종로구  자하문로 77 유남빌딩,791,
1440,대한전선,32803,절연선 및 케이블 제조업,856473009,428236504500,500,원(KRW),02-316-9114,경기도 안양시 동안구 관양동 1746-2 대한스마트타워 ,791,
84010,대한제강,32401,1차 철강 제조업,24646734,24646734000,1000,원(KRW),02-1670-3300,부산광역시 사하구 하신번영로 69 ,791,
1790,대한제당,31006,"곡물가공품, 전분 및 전분제품 제조업",8840002,24044835000,2500,원(KRW),032-770-1400,인천광역시 중구  월미로 116(북성동1가) ,791,
1130,대한제분,31006,"곡물가공품, 전분 및 전분제품 제조업",1690000,8450000000,5000,원(KRW),02-3455-0200,서울특별시 중구 세종대로 39 ,791,
3490,대한항공,85101,항공 여객 운송업,94844634,479777140000,5000,원(KRW),02-2656-7114,서울특별시 강서구 하늘길 260 ,791,
5880,대한해운,85001,해상 운송업,24426504,122132520000,5000,원(KRW),02-3701-0114,서울특별시 강서구 마곡중앙8로 78 에스엠알엔디센터 ,791,
3830,대한화섬,32005,화학섬유 제조업,1328000,6640000000,5000,원(KRW),02-3406-0300,서울특별시 중구  동호로 310 ,791,
16090,대현,31401,봉제의복 제조업,44282310,26906155000,500,원(KRW),02-3485-7000,"서울특별시 강남구 언주로 619 (논현동, 대현그린타워) ",791,
69460,대호에이엘,32402,1차 비철금속 제조업,27134839,13567419500,500,원(KRW),053-610-5400,대구광역시 달성군  논공읍 논공중앙로 211 ,791,
192080,더블유게임즈,105802,소프트웨어 개발 및 공급업,18260502,9130251000,500,원(KRW),02-501-7219,서울특별시 강남구 테헤란로 152 강남파이낸스센터 16층 ,791,
12510,더존비즈온,106201,"컴퓨터 프로그래밍, 시스템 통합 및 관리업",29672700,14836350000,500,원(KRW),02-6233-3000,강원도 춘천시 남산면 버들1길 130 ,791,
4830,덕성,32202,플라스틱제품 제조업,15680000,8536000000,500,원(KRW),031-204-0781,경기도 수원시 영통구  신원로 25 ,791,
24900,덕양산업,33003,자동차 신품 부품 제조업,32564980,16282490000,500,원(KRW),052-219-1114,울산광역시 북구  효암로 366 ,791,
145720,덴티움,32701,의료용 기기 제조업,11068830,6184415000,500,원(KRW),070-7098-9158,"서울특별시 강남구 테헤란로87길 21 3층(삼성동, 동성빌딩)",791,
2150,도화엔지니어링,137201,"건축기술, 엔지니어링 및 관련 기술 서비스업",33720000,16860000000,500,원(KRW),02-6323-3032,서울특별시 강남구  삼성로 438 도화타워 ,791,
1620,동국실업,33003,자동차 신품 부품 제조업,66042072,33021036000,500,원(KRW),02-754-2961,서울특별시 용산구  한강대로 350 ,791,
1230,동국제강,32401,1차 철강 제조업,95432737,589228035000,5000,원(KRW),02-317-1114,서울특별시 중구  을지로5길 19 페럼타워,791,
23450,동남합성,32001,기초 화학물질 제조업,3621788,19423610000,5000,원(KRW),041-840-3100,충청남도 공주시 탄천면 탄천산업단지길 80-61 -,791,
4140,동방,84903,도로 화물 운송업,33465588,33465588000,1000,원(KRW),02-2190-8100,서울특별시 중구 남대문로 63 한진빌딩 23층,791,
7590,동방아그로,32003,"비료, 농약 및 살균, 살충제 제조업",13617577,6808788500,500,원(KRW),02-580-3600,"서울특별시 관악구  남부순환로 2028 남현동, 동방빌딩",791,
5960,동부건설,64102,토목 건설업,20867152,105464420000,5000,원(KRW),02-3484-2114,서울특별시 용산구 한강대로 372 제D동,791,
16380,동부제철,32401,1차 철강 제조업,27233424,136967900000,5000,원(KRW),02-3450-8114,서울특별시 중구 한강대로 416 서울스퀘어 7층,791,
83370,동북아12호선박투자,147601,운송장비 임대업,1585660,7928300000,5000,원(KRW),02-590-1400,부산광역시 사상구 사상로 461 (모라동),791,
83380,동북아13호선박투자,147601,운송장비 임대업,1585660,7928300000,5000,원(KRW),02-590-1400,부산광역시 사상구 사상로 461 (모라동),791,
26960,동서,74603,음·식료품 및 담배 도매업,99700000,49850000000,500,원(KRW),02-701-5050,서울특별시 마포구 독막로 324 동서빌딩 ,791,
2210,동성제약,32102,의약품 제조업,24756574,24756574000,1000,원(KRW),02-6911-3600,서울특별시 도봉구  도봉로 683  (방학동) 동성빌딩,791,
102260,동성코퍼레이션,137105,회사 본부 및 경영 컨설팅 서비스업,45444970,45444970000,1000,원(KRW),02-2136-4300,부산광역시 사하구  신산로 99 ,791,
5190,동성화학,32001,기초 화학물질 제조업,5335564,5531244000,1000,원(KRW),051-200-4500,부산광역시 사하구  신산로 99 ,791,
640,동아쏘시오홀딩스,116409,기타 금융업,6138294,30691470000,5000,원(KRW),02-920-8114,서울특별시 동대문구  천호대로 64 ,791,
170900,동아에스티,32102,의약품 제조업,8443868,42219340000,5000,원(KRW),02-920-8114,서울 동대문구 용두동 138 ~255 천호대로 64,791,
28100,동아지질,64201,기반조성 및 시설물 축조관련 전문공사업,11500000,5750000000,500,원(KRW),051-580-5550,부산광역시 금정구  금샘로 347 동아지질,791,
282690,동아타이어,32201,고무제품 제조업,13733015,6866507500,500,원(KRW),055-389-0011,경상남도 양산시 유산공단11길 11 ,791,
1520,동양,32303,"시멘트, 석회, 플라스터 및 그 제품 제조업",238684063,119850042500,500,원(KRW),02-6150-7000,서울특별시 영등포구 국제금융로2길 24 - ,791,
84670,동양고속,84902,육상 여객 운송업,2895569,16959295000,5000,원(KRW),02-535-3111,경기도 안양시 동안구 흥안대로 67 ,791,
30790,동양네트웍스,106201,"컴퓨터 프로그래밍, 시스템 통합 및 관리업",95341270,47670635000,500,원(KRW),02-6923-0000,"서울특별시 송파구 백제고분로 69 (잠실동, 애플타워)",791,
2900,동양물산기업,32902,특수 목적용 기계 제조업,65388900,32694450000,500,원(KRW),02-3014-2742,서울특별시 강남구 언주로133길 7 ,791,
82640,동양생명,116501,보험업,161358585,806792925000,5000,원(KRW),02-1577-1004,서울특별시 종로구 종로 33 (청진동),791,
8970,동양철관,32401,1차 철강 제조업,118885290,59442645000,500,원(KRW),02-6903-0200,충청남도 천안시 동남구  풍세면 풍세로 515 동양철관(주),791,
92780,동양피스톤,33001,자동차용 엔진 및 자동차 제조업,13168460,6584230000,500,원(KRW),031-489-9000,경기도 안산시 단원구 해봉로255번길 16 ,791,
49770,동원F&B,31007,기타 식품 제조업,3859124,19295620000,5000,원(KRW),02-589-3000-1,서울특별시 서초구  마방로 68 (양재동) 동원산업빌딩,791,
18500,동원금속,33003,자동차 신품 부품 제조업,46754933,23377466500,500,원(KRW),053-859-2311,경상북도 경산시  진량읍 북리1길  69,791,
6040,동원산업,10301,어로 어업,3363200,16816000000,5000,원(KRW),02-589-3333,서울특별시 서초구 마방로 68 (양재동),791,
30720,동원수산,10301,어로 어업,4653805,23269025000,5000,원(KRW),02-528-8000,서울특별시 강남구  테헤란로8길 8 동주빌딩 6층,791,
14820,동원시스템즈,32202,플라스틱제품 제조업,25618511,129419345000,5000,원(KRW),02-589-4700,경기도 성남시 중원구 둔촌대로541번길 46(상대원동) ,791,
163560,동일고무벨트,32201,고무제품 제조업,13350000,6675000000,500,원(KRW),051-520-9114,부산광역시 금정구 공단동로55번길 28 ,791,
1530,동일방직,31301,방적 및 가공사 제조업,2378309,11891545000,5000,원(KRW),02-2222-3071,서울특별시 강남구  테헤란로 516 정헌빌딩 8층,791,
4890,동일산업,32401,1차 철강 제조업,2425215,12126075000,5000,원(KRW),054-288-7500,경상북도 포항시 남구  괴동로 112 (장흥동) 동일산업(주),791,
2690,동일제강,32401,1차 철강 제조업,15000000,7500000000,500,원(KRW),031-677-1234,경기도 안성시 미양면 안성맞춤대로 474-40 ,791,
20,동화약품,32102,의약품 제조업,27931470,27931470000,1000,원(KRW),02-2021-9300,서울특별시 중구 남대문로9길 24 패스트파이브타워 6~8층(다동),791,
150,두산,137105,회사 본부 및 경영 컨설팅 서비스업,18238102,134845735000,5000,원(KRW),02-3398-0114,서울특별시 중구  장충단로 275 두산타원,791,
11160,두산건설,64101,건물 건설업,73326089,46663044500,500,원(KRW),02-510-3114,서울특별시 강남구  언주로 726(논현동) ,791,
241560,두산밥캣,116409,기타 금융업,100249166,50124583000,500,원(KRW),02-3398-0993,서울특별시 중구 장충단로 275 ,791,
42670,두산인프라코어,32902,특수 목적용 기계 제조업,208161279,1040806395000,5000,원(KRW),032-211-1114,인천광역시 동구  인중로 489(화수동) ,791,
34020,두산중공업,32901,일반 목적용 기계 제조업,117146826,585734130000,5000,원(KRW),055-278-6114,경상남도 창원시 성산구  두산볼보로 22 두산중공업 주식회사,791,
16740,두올,33003,자동차 신품 부품 제조업,27066680,67666700000,2500,원(KRW),02-6922-7132,서울특별시 강남구 영동대로96길 20 대화빌딩 2층 ,791,
192650,드림텍,32602,전자부품 제조업,28695850,2869585000,100,원(KRW),031-620-1500,경기도 성남시 분당구 황새울로 314 ,791,
24090,디씨엠,32401,1차 철강 제조업,11700000,6000000000,500,원(KRW),055-366-9991,경상남도 양산시  웅상농공단지길 55 ,791,
3160,디아이,32702,"측정, 시험, 항해, 제어 및 기타 정밀기기 제조업; 광학기기 제외",31496785,17248392500,500,원(KRW),02-546-5501,서울특별시 강남구  논현로 703 ,791,
92200,디아이씨,33003,자동차 신품 부품 제조업,23985369,11992684500,500,원(KRW),052-255-0500,울산광역시 울주군  두동면 봉계농공길 8 ,791,
13570,디와이,116409,기타 금융업,26319633,13159816500,500,원(KRW),032-810-4100,인천광역시 남동구  남동서로362번길 36 (남촌동),791,
210540,디와이파워,32902,특수 목적용 기계 제조업,11041708,5520854000,500,원(KRW),055-278-0800,경상남도 창원시 성산구 웅남로 812 (성주동),791,
7340,디티알오토모티브,32802,일차전지 및 축전지 제조업,9994005,4997002500,500,원(KRW),055-380-5800,울산광역시 울주군 온산읍 처용산업2길 12 디티알 오토모티브,791,
26890,디피씨,32801,"전동기, 발전기 및 전기 변환 · 공급 · 제어 장치 제조업",41678175,20839087500,500,원(KRW),031-599-0100,경기도 안산시 단원구  산단로19번길  145(목내동),791,
115390,락앤락,32202,플라스틱제품 제조업,54186600,27500000000,500,원(KRW),02-520-9539,충청남도 아산시  선장면 삽교천로 104  (주)락앤락,791,
32350,롯데관광개발,147502,여행사 및 기타 여행보조 서비스업,68834962,34417481000,500,원(KRW),1577-3000,서울특별시 종로구  세종대로 149 (세종로),791,
400,롯데손해보험,116501,보험업,134280000,134280000000,1000,원(KRW),02-1588-3344,서울특별시 중구  소월로 3 롯데손해보험빌딩 ,791,
23530,롯데쇼핑,74701,종합 소매업,28288755,141443775000,5000,원(KRW),02-771-2500,서울특별시 중구  남대문로 81 (소공동) ,791,
4000,롯데정밀화학,32001,기초 화학물질 제조업,25800000,129000000000,5000,원(KRW),052-270-6112-4,울산광역시 남구 여천로217번길 19 ,791,
286940,롯데정보통신,106201,"컴퓨터 프로그래밍, 시스템 통합 및 관리업",14286000,71430000000,5000,원(KRW),02-2626-4000,서울특별시 금천구 가산디지털2로 179 롯데정보통신 ,791,
280360,롯데제과,31007,기타 식품 제조업,6416717,3208358500,500,원(KRW),02-2670-6302,서울특별시 영등포구 양평로21길 10 ,791,
4990,롯데지주,116409,기타 금융업,104909237,21179372000,200,원(KRW),02-750-7114,서울특별시 송파구 올림픽로 300 롯데월드타워,791,
5300,롯데칠성음료,31102,비알코올음료 및 얼음 제조업,799346,4384385000,5000,원(KRW),02-3479-9114,서울특별시 서초구 서초대로70길 15 ,791,
11170,롯데케미칼,32001,기초 화학물질 제조업,34275419,171377095000,5000,원(KRW),02-829-4114,"300, Olympic-ro, Songpa-gu, Seoul, Korea Lotte World Tower ",791,
2270,롯데푸드,31005,낙농제품 및 식용빙과류 제조업,1131870,5659350000,5000,원(KRW),02-3469-3114,서울특별시 영등포구 양평로19길 19 -,791,
71840,롯데하이마트,74703,가전제품 및 정보통신장비 소매업,23607712,118038560000,5000,원(KRW),02-2050-5000,서울특별시 강남구  삼성로 156  롯데하이마트빌딩,791,
27740,마니커,31001,"도축, 육류 가공 및 저장 처리업",158472594,79236297000,500,원(KRW),031-281-5300,경기도 용인시 기흥구  용구대로2219번길 3 (신갈동) ,791,
204320,만도,33003,자동차 신품 부품 제조업,46957120,46957120000,1000,원(KRW),031-680-6114,경기도 평택시 포승읍 하만호길 32 ,791,
1080,만호제강,32401,1차 철강 제조업,4150000,4150000000,1000,원(KRW),051-601-0351,부산광역시 강서구  녹산화전로 71 ,791,
88980,맥쿼리인프라,116402,신탁업 및 집합투자업,349044336,1815614802841,0,원(KRW),02-3705-8565,"서울특별시 중구 소공로 109 소공동, 한화빌딩 9층",791,
94800,맵스리얼티1,116402,신탁업 및 집합투자업,92834331,464171655000,0,원(KRW),02-1577-1640,서울 영등포구 여의도동 미래에셋빌딩 45-1,791,
15540,메디파트너생명공학,147509,기타 사업지원 서비스업,5512821,2756410500,500,원(KRW),02-3404-3222,서울특별시 강남구 봉은사로 218 5층(역삼동 메디파트너빌딩) ,791,
138040,메리츠금융지주,116409,기타 금융업,140224314,71442909000,500,원(KRW),02-2018-6824,서울특별시 강남구  강남대로 382 ,791,
8560,메리츠종금증권,116601,금융 지원 서비스업,605858463,605858463000,1000,원(KRW),02-785-6611,서울특별시 영등포구  국제금융로6길 15 (여의도동) ,791,
60,메리츠화재,116501,보험업,113680000,56840000000,500,원(KRW),02-1566-7711,서울특별시 강남구  강남대로 382 메리츠타워,791,
90370,메타랩스,31401,봉제의복 제조업,44549792,22274896000,500,원(KRW),02-2189-7700,서울특별시 강남구 언주로 428(역삼동) ,791,
17180,명문제약,32102,의약품 제조업,24540000,12270000000,500,원(KRW),031-350-4000,경기도 화성시  향남읍 제약공단2길 26 ,791,
12690,모나리자,31709,기타 종이 및 판지 제품 제조업,36571255,18885627500,500,원(KRW),02-829-8800,서울특별시 동작구  보라매로5길 15 전문건설회관빌딩 21층 (주)모나리자,791,
5360,모나미,74604,생활용품 도매업,18897307,18897307000,1000,원(KRW),031-216-0153,"경기도 용인시 수지구  손곡로 17 (동천동, 모나미빌딩)",791,
204210,모두투어리츠,126801,부동산 임대 및 공급업,7826815,39134075000,5000,원(KRW),02-6253-5911,"서울특별시 중구 퇴계로 173 12층(충무로3가, 남산스퀘어)",791,
9680,모토닉,33003,자동차 신품 부품 제조업,33000000,16500000000,500,원(KRW),053-589-6262,"서울특별시 중구 청계천로 100 동관 9층(수표동, 시그니쳐타워)",791,
9580,무림P&P,31701,"펄프, 종이 및 판지 제조업",62368324,155920810000,2500,원(KRW),052-231-7000,울산광역시 울주군  온산읍 우봉길 3-36 ,791,
9200,무림페이퍼,31701,"펄프, 종이 및 판지 제조업",41609310,104023275000,2500,원(KRW),055-751-1234,경상남도 진주시  남강로 1003 (상평동),791,
33920,무학,31101,알코올음료 제조업,28500000,5700000000,200,원(KRW),1588-2226,경상남도 창원시 마산회원구  봉암공단2길 6 ,791,
8420,문배철강,32401,1차 철강 제조업,20503505,10251752500,500,원(KRW),02-758-6640,서울특별시 동작구 동작대로 35 - ,791,
25560,미래산업,32702,"측정, 시험, 항해, 제어 및 기타 정밀기기 제조업; 광학기기 제외",634818400,63481840000,100,원(KRW),041-621-5070,충청남도 천안시 서북구 백석공단7로 65 (백석동),791,
7120,미래아이앤지,106201,"컴퓨터 프로그래밍, 시스템 통합 및 관리업",103587319,51793659500,500,원(KRW),02-3470-4400,서울특별시 강남구 도산대로 514 청담동,791,
6800,미래에셋대우,116601,금융 지원 서비스업,658316408,4101960790000,5000,원(KRW),02-768-3355,서울특별시 중구 을지로5길 26 미래에셋 센터원빌딩 이스트타워,791,
85620,미래에셋생명,116501,보험업,177016189,885080945000,5000,원(KRW),02-1588-0220,서울특별시 영등포구 국제금융로 56 미래에셋대우빌딩 ,791,
2840,미원상사,32004,기타 화학제품 제조업,5034823,29291895000,5000,원(KRW),031-472-9120,경기도 안산시 단원구  원시로 49 (목내동) ,791,
268280,미원에스씨,32001,기초 화학물질 제조업,5221276,2610638000,500,원(KRW),063-260-1500,전라북도 완주군 봉동읍 완주산단1로 167 ,791,
107590,미원홀딩스,116409,기타 금융업,2331774,1315887000,500,원(KRW),031-479-9313,경기도 용인시 수지구 포은대로59번길 20 -,791,
134380,미원화학,32004,기타 화학제품 제조업,2189904,2394716000,1000,원(KRW),031-479-9200,울산광역시 남구  장생포로 247 ,791,
3650,미창석유공업,31902,석유 정제품 제조업,1739672,8698360000,5000,원(KRW),051-403-6441,부산광역시 영도구 해양로 241 미창석유 ,791,
155900,바다로19호,147601,운송장비 임대업,15200004,76000020000,5000,원(KRW),02-3210-3333,"제주특별자치도 제주시 연삼로 473 (이도이동,산업경제진흥원) ",791,
3610,방림,31302,직물직조 및 직물제품 제조업,42314090,21157045000,500,원(KRW),02-2085-2114,서울특별시 마포구  월드컵북로 402 케이지아이티센터 18층,791,
1340,백광산업,32001,기초 화학물질 제조업,44918407,22459203500,500,원(KRW),02-2681-0136,전라북도 군산시  임해로 494-16 ,791,
14580,백광소재,32303,"시멘트, 석회, 플라스터 및 그 제품 제조업",27583100,13791550000,500,원(KRW),02-3661-8018,서울특별시 강서구  공항대로 467 (등촌동) ,791,
35150,백산,32202,플라스틱제품 제조업,24200000,14000000000,500,원(KRW),031-499-0044-9,경기도 시흥시 공단1대로27번길 47 ,791,
2410,범양건영,64101,건물 건설업,24831812,24831812000,1000,원(KRW),041-573-5631,"충청남도 천안시 서북구 검은들1길 7 4층(불당동,포인트프라자)",791,
96300,베트남개발1,116402,신탁업 및 집합투자업,129390973,65989396230,0,원(KRW),02-2180-0647,서울특별시 영등포구 은행로 3 여의도동,791,
7210,벽산,32309,기타 비금속 광물제품 제조업,68560000,34280000000,500,원(KRW),02-2260-6114,"서울특별시 중구  퇴계로 307 광희동 1가, 광희빌딩",791,
2760,보락,32004,기타 화학제품 제조업,59900000,11980000000,200,원(KRW),031-352-6455,경기도 화성시  양감면 초록로 720-37 ,791,
3850,보령제약,32102,의약품 제조업,44200000,22100000000,500,원(KRW),02-708-8000,서울 종로구 원남동 보령빌딩 66-21,791,
890,보해양조,31101,알코올음료 제조업,96570546,48285273000,500,원(KRW),061-243-3141,전라남도 목포시  호남로68번길 36 보해양조(주),791,
3000,부광약품,32102,의약품 제조업,63531367,31765683500,500,원(KRW),02-828-8114,서울특별시 동작구  대방동1길 47 ,791,
1270,부국증권,116601,금융 지원 서비스업,10369886,66849430000,5000,원(KRW),02-368-9200,서울 영등포구 여의도동 34-2,791,
26940,부국철강,32401,1차 철강 제조업,20000000,10000000000,500,원(KRW),062-954-3806,광주광역시 광산구 하남산단9번로 90 (안청동),791,
15350,부산도시가스,43502,연료용 가스 제조 및 배관공급업,11000000,55000000000,5000,원(KRW),051-607-1178,부산광역시 수영구  황령대로 513 ,791,
11390,부산산업,32303,"시멘트, 석회, 플라스터 및 그 제품 제조업",1056000,5280000000,5000,원(KRW),051-315-8338,부산광역시 사상구 장인로 35 (감전동),791,
5030,부산주공,33003,자동차 신품 부품 제조업,42349528,21174764000,500,원(KRW),051-780-5980,부산광역시 기장군 장안읍 신소재산단1로 10 부산주공(주),791,
100220,비상교육,105801,"서적, 잡지 및 기타 인쇄물 출판업",12996741,6498370500,500,원(KRW),154-4055-4,서울특별시 구로구 디지털로 33길 48,,
대륭포스트타워7차19층) ,791,,,,,,,,,,
101140,비티원,74604,생활용품 도매업,28995962,14497981000,500,원(KRW),031-420-4900,"경기도 평택시 통미로 23 (합정동,1층)",791,
5180,빙그레,31005,낙농제품 및 식용빙과류 제조업,9851241,49756205000,5000,원(KRW),02-2022-6000,경기도 남양주시 미금로65번길 45 (도농동) (주)빙그레 ,791,
3960,사조대림,31002,수산물 가공 및 저장 처리업,5960575,29802875000,5000,원(KRW),02-3470-6000,서울특별시 서초구 남부순환로 2159 ,791,
8040,사조동아원,31006,"곡물가공품, 전분 및 전분제품 제조업",141144600,70572300000,500,원(KRW),02-789-9524,서울특별시 서초구 방배천로2길 12 사조빌딩,791,
7160,사조산업,10301,어로 어업,5000000,25000000000,5000,원(KRW),02-3277-1600,서울특별시 서대문구  통일로 107-39 사조산업빌딩 5층,791,
14710,사조씨푸드,31002,수산물 가공 및 저장 처리업,17218543,17218543000,1000,원(KRW),02-721-6555,"서울특별시 서대문구 통일로 107-39 502(충정로2가, 사조빌딩)",791,
6090,사조오양,31002,수산물 가공 및 저장 처리업,9422739,47113695000,5000,원(KRW),02-3470-6030,서울특별시 서초구 남부순환로 2159 (방배동),791,
79660,사조해표,31007,기타 식품 제조업,7160000,35800000000,5000,원(KRW),02-2007-3112,"서울특별시 서초구 남부순환로 2159 (방배동,3층) ",791,
5090,삼광글라스,32301,유리 및 유리제품 제조업,4854418,24272090000,5000,원(KRW),02-489-8000,"서울특별시 서초구 양재대로 246 2층,3층 한국소비자원",791,
1470,삼부토건,64102,토목 건설업,24803131,124015655000,5000,원(KRW),02-3706-2114,서울특별시 중구  퇴계로 63 삼부빌딩 ,791,
6400,삼성SDI,32802,일차전지 및 축전지 제조업,68764530,356712130000,5000,원(KRW),031-8006-3100,경기도 용인시 기흥구  공세로 150-20 ,791,
6660,삼성공조,33003,자동차 신품 부품 제조업,8126314,4063157000,500,원(KRW),055-280-2733,경상남도 창원시 성산구  연덕로 176 삼성공조(주),791,
28260,삼성물산,74607,기타 전문 도매업,189690043,19131748300,100,원(KRW),02-2145-5114,서울특별시 송파구 올림픽로35길 123 -,791,
207940,삼성바이오로직스,32101,기초 의약물질 및 생물학적 제제 제조업,66165000,165412500000,2500,원(KRW),032-455-3114,인천광역시 연수구 송도바이오대로 300 ,791,
32830,삼성생명,116501,보험업,200000000,100000000000,500,원(KRW),02-751-8157,서울특별시 서초구 서초대로74길 11 (서초동) 삼성생명보험 주식회사,791,
18260,삼성에스디에스,106201,"컴퓨터 프로그래밍, 시스템 통합 및 관리업",77377800,38688900000,500,원(KRW),02-6155-3114,서울특별시 송파구 올림픽로35길 125(신천동) ,791,
28050,삼성엔지니어링,137201,"건축기술, 엔지니어링 및 관련 기술 서비스업",196000000,980000000000,5000,원(KRW),02-2053-3000,서울특별시 강동구 상일동 500 삼성 GEC ,791,
9150,삼성전기,32602,전자부품 제조업,74693696,388003400000,5000,원(KRW),031-210-5114,경기도 수원시 영통구  매영로 150 ,791,
5930,삼성전자,32604,통신 및 방송 장비 제조업,5969782550,897513820000,100,원(KRW),031-200-1114,경기도 수원시 영통구  삼성로 129 (매탄동) ,791,
1360,삼성제약,32102,의약품 제조업,58611127,29305563500,500,원(KRW),031-353-6681,경기도 화성시 향남읍 제약공단2길 35 삼성제약(주),791,
10140,삼성중공업,33101,선박 및 보트 건조업,630000000,3150574225000,5000,원(KRW),031-5171-7000,경기도 성남시 분당구 판교로227번길 23 삼성중공업 판교R&D센터,791,
16360,삼성증권,116601,금융 지원 서비스업,89300000,458478080000,5000,원(KRW),02-2020-8000,서울특별시 서초구 서초대로74길 11 (서초동),791,
68290,삼성출판사,105801,"서적, 잡지 및 기타 인쇄물 출판업",10000000,5000000000,500,원(KRW),02-3470-6800,서울특별시 서초구  명달로 94 (주)삼성출판사,791,
29780,삼성카드,116409,기타 금융업,115858891,614794455000,5000,원(KRW),02-1588-8700,서울특별시 중구  세종대로 67 ,791,
810,삼성화재해상보험,116501,보험업,47374837,26473418500,500,원(KRW),02-1588-5114,서울특별시 서초구 서초대로74길 14 (서초동),791,
6110,삼아알미늄,32402,1차 비철금속 제조업,11000000,5500000000,500,원(KRW),031-467-6800,경기도 평택시 포승읍 평택항로 92 삼아알미늄 주식회사,791,
145990,삼양사,31007,기타 식품 제조업,10289803,53299365000,5000,원(KRW),02-740-7114,서울특별시 종로구 종로33길 31 삼양사,791,
3230,삼양식품,31007,기타 식품 제조업,7533015,37665075000,5000,원(KRW),02-940-3000,서울특별시 성북구  오패산로3길 104 ,791,
2170,삼양통상,31501,"가죽, 가방 및 유사제품 제조업",3000000,15000000000,5000,원(KRW),02-3453-3961,서울특별시 강남구 테헤란로 301(역삼동) 삼정개발빌딩 6층 ,791,
272550,삼양패키징,32202,플라스틱제품 제조업,14209804,71049020000,5000,원(KRW),02-740-7827,서울특별시 종로구 종로33길 31 ,791,
70,삼양홀딩스,116409,기타 금융업,8564271,44341645000,5000,원(KRW),02-740-7114,서울특별시 종로구 종로33길 31 ,791,
2810,삼영무역,74607,기타 전문 도매업,16466623,8233311500,500,원(KRW),02-320-4114,서울특별시 마포구  양화로 111 ,791,
5680,삼영전자공업,32602,전자부품 제조업,20000000,10000000000,500,원(KRW),031-743-6701,경기도 성남시 중원구  사기막골로 47 (상대원동) ,791,
3720,삼영화학공업,32202,플라스틱제품 제조업,34000000,17000000000,500,원(KRW),02-757-2291-3,"서울특별시 종로구 청계천로 35 13층(서린동, 관정빌딩)",791,
23000,삼원강재,33003,자동차 신품 부품 제조업,40000000,20000000000,500,원(KRW),054-278-1983-8,경상북도 포항시 남구  대송면 철강산단로66번길 40 ,791,
4380,삼익THK,32901,일반 목적용 기계 제조업,21000000,10500000000,500,원(KRW),053-665-7000,대구광역시 달서구  성서동로 163 ,791,
2450,삼익악기,33302,악기 제조업,90530915,45265457500,500,원(KRW),043-1688-3151,충청북도 음성군  소이면 소이로 313 ,791,
520,삼일제약,32102,의약품 제조업,6500000,6500000000,1000,원(KRW),02-520-0300,"서울특별시 서초구  효령로 155 (방배동, 삼일제약 사옥)",791,
9770,삼정펄프,31701,"펄프, 종이 및 판지 제조업",2499971,12499855000,5000,원(KRW),02-743-7071,경기 평택시 고덕면 해창리 250,791,
5500,삼진제약,32102,의약품 제조업,13900000,13900000000,1000,원(KRW),02-3140-0700,서울특별시 마포구  와우산로 121 삼진제약사옥 ,791,
4690,삼천리,43502,연료용 가스 제조 및 배관공급업,4055025,20275125000,5000,원(KRW),02-368-3300,"서울특별시 영등포구  국제금융로6길 42 (여의도동, 삼천리빌딩)",791,
1880,삼호,64101,건물 건설업,15179766,75898830000,5000,원(KRW),032-518-3535,인천광역시 남동구  미래로 14 ,791,
10960,삼호개발,64201,기반조성 및 시설물 축조관련 전문공사업,25000000,12500000000,500,원(KRW),02-2046-7722,충청남도 당진시  면천면 면천로 183 ,791,
4450,삼화왕관,32509,기타 금속 가공제품 제조업,2154379,10771895000,5000,원(KRW),031-490-8400,경기도 안산시 단원구  강촌로 140 삼화왕관(주),791,
9470,삼화전기,32602,전자부품 제조업,6613820,6613820000,1000,원(KRW),043-261-0200,충청북도 청주시 흥덕구  봉명로 3 (복대동),791,
11230,삼화전자공업,32605,영상 및 음향기기 제조업,10457940,10457940000,1000,원(KRW),031-374-5501,경기도 용인시 처인구  남사면 경기동로 215 삼화전자공업(주),791,
1820,삼화콘덴서공업,32602,전자부품 제조업,10395000,10395000000,1000,원(KRW),031-332-6441,경기도 용인시 처인구  남사면 경기동로 227 ,791,
390,삼화페인트공업,32004,기타 화학제품 제조업,26438751,13219375500,500,원(KRW),031-499-0394-6,경기도 안산시 단원구  별망로 178 ,791,
1290,상상인증권,116601,금융 지원 서비스업,96108437,97411913000,1000,원(KRW),02-3779-3000,서울특별시 서대문구 충정로 50 골든브릿지빌딩 ,791,
41650,상신브레이크,33003,자동차 신품 부품 제조업,21471450,10735725000,500,원(KRW),053-616-9555,대구광역시 달성군 논공읍 논공중앙로33길 10 ,791,
75180,새론오토모티브,33003,자동차 신품 부품 제조업,19200000,9600000000,500,원(KRW),041-560-4114,충청남도 천안시 동남구 병천면 가전5길 133 ,791,
7540,샘표,116409,기타 금융업,2875800,2875800000,1000,원(KRW),02-3393-5500,서울특별시 중구 충무로 2 ,791,
248170,샘표식품,31007,기타 식품 제조업,4568286,2284143000,500,원(KRW),02-3393-5500,"서울특별시 중구 충무로 2 8층 (필동1가, 매일경제빌딩)",791,
7860,서연,116409,기타 금융업,23479844,11739922000,500,원(KRW),031-420-3000,경기도 안양시 동안구 부림로170번길 41-22(관양동) -,791,
200880,서연이화,33003,자동차 신품 부품 제조업,27028437,13514218500,500,원(KRW),02-3484-4100,"서울특별시 강남구 테헤란로 208, 11층(역삼동, 안제타워) ",791,
17390,서울도시가스,43502,연료용 가스 제조 및 배관공급업,5000000,35000000000,5000,원(KRW),02-810-8000,서울특별시 강서구 공항대로 607 (염창동) ,791,
4410,서울식품공업,31007,기타 식품 제조업,337410000,33963450000,100,원(KRW),043-720-7000,충청북도 충주시 충원대로 862 ,791,
21050,서원,32403,금속 주조업,47474590,23737295000,500,원(KRW),031-365-8700,"경기도 안산시 단원구  산단로67번길 94  (목내동, (주)서원)",791,
8490,서흥,32004,기타 화학제품 제조업,11569113,6084556500,500,원(KRW),043-249-4100,충청북도 청주시 흥덕구 오송읍 오송생명로 61 -,791,
7610,선도전기,32801,"전동기, 발전기 및 전기 변환 · 공급 · 제어 장치 제조업",18000000,9000000000,500,원(KRW),031-491-2284,경기도 안산시 단원구  원시로 86 ,791,
136490,선진,31008,동물용 사료 및 조제식품 제조업,23779604,11889802000,500,원(KRW),031-637-1180,경기도 이천시  대월면 사동로 76 ,791,
2820,선창산업,31602,나무제품 제조업,12607989,12607989000,1000,원(KRW),032-770-3000,인천광역시 중구 월미로 96 ,791,
14910,성문전자,32602,전자부품 제조업,19486857,10043428500,500,원(KRW),031-650-2800,경기도 평택시  세교산단로 61 ,791,
3080,성보화학,32003,"비료, 농약 및 살균, 살충제 제조업",20020000,10010000000,500,원(KRW),02-3789-3800,경기도 안산시 단원구 산단로19번길 168 (목내동) 성보화학주식회사,791,
4980,성신양회,32303,"시멘트, 석회, 플라스터 및 그 제품 제조업",24008482,128508590000,5000,원(KRW),02-3782-7000,서울특별시 종로구  인사동5길 29 ,791,
11300,성안,31302,직물직조 및 직물제품 제조업,56857860,28428930000,500,원(KRW),053-382-4772,대구광역시 북구  검단동로 35 (검단동),791,
180,성창기업지주,137105,회사 본부 및 경영 컨설팅 서비스업,69751600,36000000000,500,원(KRW),051-260-3333,부산광역시 사하구  다대로 627 (다대동),791,
2420,세기상사,105901,"영화, 비디오물, 방송프로그램 제작 및 배급업",407592,2037960000,5000,원(KRW),02-3393-3500,서울특별시 중구 퇴계로 212 ,791,
4360,세방,84903,도로 화물 운송업,19308690,11498970000,500,원(KRW),051-630-5300,부산광역시 남구  북항로 141 ,791,
4490,세방전지,32802,일차전지 및 축전지 제조업,14000000,7000000000,500,원(KRW),02-3451-6201,서울특별시 강남구 선릉로 433 ,791,
1430,세아베스틸,32401,1차 철강 제조업,35862119,219310595000,5000,원(KRW),02-6970-2021,서울시 마포구 양화로 45 ,791,
306200,세아제강,32401,1차 철강 제조업,2836300,14181500000,5000,원(KRW),02-6970-1000,서울특별시 마포구 양화로 45 ,791,
3030,세아제강지주,116409,기타 금융업,4141657,20708285000,5000,원(KRW),02-6970-1421,서울시마포구 양화로 45 ,791,
19440,세아특수강,32401,1차 철강 제조업,8570000,42850000000,5000,원(KRW),054-285-4771,경상북도 포항시 남구  괴동로 40 ,791,
58650,세아홀딩스,116409,기타 금융업,4000000,20000000000,5000,원(KRW),02-6970-0110,서울특별시 마포구 양화로 45 ,791,
13000,세우글로벌,74607,기타 전문 도매업,23690705,11845352500,500,원(KRW),032-868-1100,인천광역시 남구 염전로261번길 26-48 ,791,
91090,세원셀론텍,32501,"구조용 금속제품, 탱크 및 증기발생기 제조업",60990792,30495396000,500,원(KRW),02-2167-9000,서울특별시 영등포구 국제금융로 52 SIMPAC빌딩 3~5층,791,
21820,세원정공,33003,자동차 신품 부품 제조업,10000000,5000000000,500,원(KRW),053-582-5161,대구광역시 달서구 달서대로 554 ,791,
67830,세이브존I&C,74701,종합 소매업,41040895,41040895000,1000,원(KRW),032-320-9032,서울특별시 노원구  한글비석로 57 (하계동),791,
33530,세종공업,33003,자동차 신품 부품 제조업,22554412,11277206000,500,원(KRW),052-219-1699,울산광역시 북구 공단길 4 (효문동),791,
75580,세진중공업,33101,선박 및 보트 건조업,38372720,21986360000,500,원(KRW),052-231-8000,울산광역시 울주군 온산읍 당월로 216-18 ,791,
27970,세하,31701,"펄프, 종이 및 판지 제조업",29562997,29562997000,1000,원(KRW),02-2056-8800,대구광역시 달성군  유가면 비슬로96길 97 ,791,
145210,세화아이엠씨,32902,특수 목적용 기계 제조업,29402067,14701033500,500,원(KRW),062-944-6161,광주광역시 북구 첨단연신로29번길 26 ,791,
68270,셀트리온,32101,기초 의약물질 및 생물학적 제제 제조업,125461438,125461438000,1000,원(KRW),032-850-5000,인천광역시 연수구 아카데미로 23 ,791,
4430,송원산업,32004,기타 화학제품 제조업,24000000,12000000000,500,원(KRW),052-273-9841,울산광역시 남구  장생포로 83,791,
17550,수산중공업,32902,특수 목적용 기계 제조업,53985163,26992581500,500,원(KRW),031-352-7733,경기도 화성시  양감면 정문송산로 260 ,791,
134790,시디즈,33201,가구 제조업,2000000,1000000000,500,원(KRW),02-3400-6339,경기도 평택시 세교산단로 67-20 (주)시디즈,791,
16590,신대양제지,31702,"골판지, 종이 상자 및 종이용기 제조업",4029782,20148910000,5000,원(KRW),031-494-7911,경기도 안산시 단원구  목내로 29 ,791,
29530,신도리코,32603,컴퓨터 및 주변장치 제조업,10080029,50400145000,5000,원(KRW),02-460-1114,서울특별시 성동구  성수이로24길 3 (주)신도리코,791,
4970,신라교역,10301,어로 어업,16000000,8000000000,500,원(KRW),02-3434-9900,서울특별시 송파구 백제고분로 362 신리빌딩,791,
11930,신성이엔지,32601,반도체 제조업,172993713,86606856500,500,원(KRW),031-788-9500,경기도 성남시 분당구  대왕판교로395번길 8 (백현동 404-1) 신성솔라에너지,791,
5390,신성통상,74607,기타 전문 도매업,143708390,71854195000,500,원(KRW),02-3709-9000,서울특별시 강동구 풍성로63길 84(둔촌동) ,791,
4170,신세계,74701,종합 소매업,9845181,49225905000,5000,원(KRW),02-727-1234,서울특별시 중구  소공로 63 (충무로1가) 신세계백화점건물 (주)신세계,791,
35510,신세계I&C,106201,"컴퓨터 프로그래밍, 시스템 통합 및 관리업",1720000,8600000000,5000,원(KRW),02-3397-1234,"서울특별시 중구 소공로 48 10층(회현로2가, 프라임타워)",791,
34300,신세계건설,64101,건물 건설업,4000000,20000000000,5000,원(KRW),02-3406-6620,서울특별시 중구  장충단로 180 신세계건설 ,791,
31430,신세계인터내셔날,74704,"섬유, 의복, 신발 및 가죽제품 소매업",7140000,35700000000,5000,원(KRW),02-6979-1234,서울특별시 강남구 도산대로 449 -,791,
31440,신세계푸드,95601,음식점업,3872480,19362400000,5000,원(KRW),02-3397-6000,"서울특별시 성동구 성수일로 56 성수동BY센터 4-7층(성수동2가, 백영 성수빌딩)",791,
6880,신송홀딩스,116409,기타 금융업,11828858,5914429000,500,원(KRW),27801400,서울특별시 영등포구 여의나루로 53-1 ,791,
5800,신영와코루,31401,봉제의복 제조업,900000,4500000000,5000,원(KRW),02-818-5114,서울특별시 금천구  가산디지털1로 104 (주)신영와코루,791,
1720,신영증권,116601,금융 지원 서비스업,9386237,82200000000,5000,원(KRW),02-2004-9000,"서울특별시 영등포구 국제금융로8길 16 (여의도동, 신영증권빌딩)",791,
9270,신원,31401,봉제의복 제조업,80788152,40439446000,500,원(KRW),02-3274-5000,서울특별시 마포구  독막로 328 신원빌딩,791,
2700,신일산업,74605,기계장비 및 관련 물품 도매업,71047521,35523760500,500,원(KRW),02-6309-7800,충청남도 천안시 서북구 입장면 연곡길 308 -,791,
19170,신풍제약,32102,의약품 제조업,52984990,27592495000,500,원(KRW),031-491-6191,경기도 안산시 단원구 원시로 7 ,791,
2870,신풍제지,31701,"펄프, 종이 및 판지 제조업",34958700,17479350000,500,원(KRW),02-2156-7521,경기도 평택시  고덕면 고덕로 144-32 신풍제지,791,
5450,신한,64101,건물 건설업,7022839,35114195000,5000,원(KRW),02-369-0001,경기도 성남시 중원구  산성대로 208 ,791,
293940,신한알파리츠,126801,부동산 임대 및 공급업,47630123,47630123000,1000,원(KRW),02-2158-7402,"서울특별시 종로구 종로 33 그랑서울, 18층 ",791,
55550,신한지주,116409,기타 금융업,474199587,2370997935000,5000,원(KRW),02-6360-3000,서울특별시 중구 세종대로9길 20 태평로2가,791,
1770,신화실업,32401,1차 철강 제조업,1214878,6074390000,5000,원(KRW),031-499-9922,"경기도 안산시 단원구  번영2로 31 (성곡동,시화4다706)",791,
4080,신흥,74605,기계장비 및 관련 물품 도매업,9600000,6733070000,500,원(KRW),02-6366-2000,서울특별시 중구 청파로 450  (중림동) 신흥빌딩 8층 재경팀,791,
102280,쌍방울,31401,봉제의복 제조업,129124213,64562106500,500,원(KRW),02-3485-6000,서울특별시 중구 퇴계로 390 - ,791,
3410,쌍용양회공업,32303,"시멘트, 석회, 플라스터 및 그 제품 제조업",503859595,505403280000,1000,원(KRW),02-2270-5114,서울특별시 중구 수표로 34 씨티센터타워 7~9층,791,
3620,쌍용자동차,33001,자동차용 엔진 및 자동차 제조업,149840002,749200010000,5000,원(KRW),031-610-1114,경기도 평택시  동삭로 455-12 ,791,
4770,써니전자,32601,반도체 제조업,29976480,15938240000,500,원(KRW),043-853-1760,충청북도 충주시  목행산단2로 59 ,791,
4920,씨아이테크,33309,그외 기타 제품 제조업,54212316,27106158000,500,원(KRW),02-410-9606,서울특별시 송파구 양재대로 932 가락몰 업무동 11층 동관,791,
112610,씨에스윈드,32501,"구조용 금속제품, 탱크 및 증기발생기 제조업",17285715,8642857500,500,원(KRW),041-901-1827,충청남도 천안시 서북구 동서대로 129-12 백석대학빌딩,791,
8700,아남전자,32605,영상 및 음향기기 제조업,77124820,38562410000,500,원(KRW),02-6424-4700,서울특별시 구로구 디지털로27가길 27아남빌딩 ,791,
90430,아모레퍼시픽,32004,기타 화학제품 제조업,58458490,34508160000,500,원(KRW),02-6040-5114,서울특별시 용산구 한강대로 100 (한강로2가) ,791,
2790,아모레퍼시픽그룹,116409,기타 금융업,82458180,44450975000,500,원(KRW),02-6040-5114,서울특별시 용산구 한강대로 100 (한강로2가) ,791,
2030,아세아,137105,회사 본부 및 경영 컨설팅 서비스업,2191024,10955120000,5000,원(KRW),02-527-6582,서울특별시 강남구  논현로 430 아세아타워빌딩 14층,791,
183190,아세아시멘트,32303,"시멘트, 석회, 플라스터 및 그 제품 제조업",3895809,19479045000,5000,원(KRW),02-527-6582,서울 강남구 역삼2동 726 아세아타워빌딩 14층 ,791,
2310,아세아제지,31702,"골판지, 종이 상자 및 종이용기 제조업",8956502,44782510000,5000,원(KRW),02-527-6882,서울특별시 강남구  논현로 430 ,791,
267850,아시아나IDT,106201,"컴퓨터 프로그래밍, 시스템 통합 및 관리업",11100000,5550000000,500,원(KRW),02-2195-8571,서울특별시 종로구 우정국로 26 에이동 21층, 22층(표시층 23층, 25층)
 센트로폴리스),791,,,,,,,,,,
20560,아시아나항공,85101,항공 여객 운송업,205235294,1026176470000,5000,원(KRW),02-2669-3114,서울특별시 강서구  오정로 443-83 ,791,
122900,아이마켓코리아,74608,상품 종합 도매업,35943340,18166670000,500,원(KRW),02-3708-5678,서울특별시 강남구 삼성로 512 삼성동빌딩 16층,791,
10780,아이에스동서,32302,"내화, 비내화 요업제품 제조업",30854127,15427063500,500,원(KRW),02-3218-6701,서울특별시 강남구  영동대로 741 ,791,
3560,아이에이치큐,105901,"영화, 비디오물, 방송프로그램 제작 및 배급업",146235748,73117874000,500,원(KRW),02-6005-6000,서울특별시 강남구 선릉로 629 싸이더스HQ타워,791,
33660,아주캐피탈,116409,기타 금융업,57545890,287729450000,5000,원(KRW),02-2017-5400,대전광역시 서구 대덕대로 239 ,791,
1780,알루코,32402,1차 비철금속 제조업,74524102,37262051000,500,원(KRW),042-605-8300,대전광역시 대덕구  대화로119번길 31 ,791,
2250,알보젠코리아,32102,의약품 제조업,11857922,59289610000,5000,원(KRW),02-2047-7712,"서울특별시 영등포구 국제금융로10, 13층(여의도동, 서울국제금융센터 투 아이에프씨동) ",791,
18250,애경산업,32004,기타 화학제품 제조업,26299135,26299135000,1000,원(KRW),02-768-2000,서울특별시 마포구 양화로 188 -,791,
161000,애경유화,32001,기초 화학물질 제조업,32040000,16020000000,500,,02-850-2000,서울특별시 구로구  공원로 7 ,791,
11090,에넥스,33201,가구 제조업,59991641,29995820500,500,원(KRW),02-2185-2000,서울특별시 서초구 서초대로73길 40(서초동) ,791,
5850,에스엘,33003,자동차 신품 부품 제조업,48203277,24101638500,500,원(KRW),053-850-8511,대구광역시 북구 검단공단로 32 - ,791,
12750,에스원,147503,"경비, 경호 및 탐정업",37999178,18999589000,500,원(KRW),00-1588-3112,서울 중구 순화동 168 에스원빌딩 17층 총무팀,791,
123700,에스제이엠,33003,자동차 신품 부품 제조업,15604898,7802449000,500,원(KRW),031-490-3838,경기도 안산시 단원구  별망로459번길 20 (주)에스제이엠,791,
25530,에스제이엠홀딩스,116409,기타 금융업,14934008,7467004000,500,원(KRW),031-491-4151,경기도 안산시 단원구 별망로459번길 20 ,791,
23960,에쓰씨엔지니어링,64102,토목 건설업,25016587,12508293500,500,원(KRW),02-2167-9090,서울특별시 영등포구 국제금융로 52 심팩빌딩 3~5층,791,
298690,에어부산,85101,항공 여객 운송업,52070000,52070000000,1000,원(KRW),1666-3060,부산광역시 강서구 유통단지1로57번가길 6 ,791,
140910,에이리츠,126801,부동산 임대 및 공급업,3675909,18379545000,5000,원(KRW),02-2077-5800,"서울특별시 강남구 언주로 711 9층(논현동, 건설공제조합)",791,
78520,에이블씨엔씨,32004,기타 화학제품 제조업,27033459,13516729500,500,원(KRW),02-2199-0123,"서울특별시 서초구 서초대로38길 12 13층 (서초동, 마제스타시티타워원)",791,
15260,에이엔피,32602,전자부품 제조업,82784868,41392434000,500,원(KRW),032-676-9700,경기도 부천시 원미구  도약로 300 (주)에이엔피,791,
7460,에이프로젠 KIC,32509,기타 금속 가공제품 제조업,113080476,56540238000,500,원(KRW),031-782-3433,"경기도 성남시 중원구 둔촌대로 545 경기도 성남시 중원구 둔촌대로545, 비2층 (상대원동, 한라시그마밸리)",791,
3060,에이프로젠제약,32102,의약품 제조업,107882194,53941097000,500,원(KRW),02-561-4011,"서울특별시 송파구 오금로19길 6 301호(방이동, 강호빌딩)",791,
36570,엔씨소프트,105802,소프트웨어 개발 및 공급업,21939022,10969511000,500,원(KRW),02-2186-3300,서울특별시 강남구 테헤란로 509(삼성동) ,791,
138250,엔에스쇼핑,74709,무점포 소매업,33696000,16848000000,500,원(KRW),02-6336-1516,경기도 성남시 분당구 판교로228번길 15 ,791,
181710,엔에이치엔,105802,소프트웨어 개발 및 공급업,19565025,9782512500,500,원(KRW),1544-6859,경기도 성남시 분당구  대왕판교로645번길 16 플레이뮤지엄,791,
85310,엔케이,32501,"구조용 금속제품, 탱크 및 증기발생기 제조업",79983352,39991676000,500,원(KRW),051-204-2211,부산광역시 강서구 녹산산단17로 113(주)엔케이 ,791,
9810,엔케이물산,74607,기타 전문 도매업,81238723,40619361500,500,원(KRW),02-6000-7800,"서울특별시 광진구 광나루로56길 85 10층(구의동, 테크노마트21)",791,
4250,엔피씨,32202,플라스틱제품 제조업,36720000,21000000000,500,원(KRW),031-362-2851,경기도 안산시 단원구  해안로 289 엔피씨(주) ,791,
900140,엘브이엠씨,116409,기타 금융업,47869508,11967377,0.25,미국달러(USD),070-8615-4824,"PO Box 309, Ugland House, Grand Cayman, KY1-1104, Cayman Islands ",791,
14440,영보화학,32202,플라스틱제품 제조업,20000000,10000000000,500,원(KRW),042-822-0603,충청북도 청주시 흥덕구 강내면 서부로 230-23 ,791,
111770,영원무역,74608,상품 종합 도매업,44311468,22155734000,500,원(KRW),390-6114,서울특별시 중구  만리재로 159 ,791,
9970,영원무역홀딩스,116409,기타 금융업,13635592,6817796000,500,원(KRW),02-390-6000,서울특별시 중구 만리재로 159 (주)영원무역,791,
3520,영진약품,32102,의약품 제조업,182892731,91446365500,500,원(KRW),02-2041-8200,서울특별시 송파구 올림픽로35다길 13 국민연금 잠실사옥 2~3층,791,
670,영풍,32402,1차 비철금속 제조업,1842040,9210200000,5000,원(KRW),02-519-3314,서울특별시 강남구  강남대로 542 ,791,
6740,영풍제지,31702,"골판지, 종이 상자 및 종이용기 제조업",22200000,11100000000,500,원(KRW),031-660-8200,경기도 평택시 진위면 서탄로 9 ,791,
12280,영화금속,33003,자동차 신품 부품 제조업,45451006,23597333000,500,원(KRW),055-551-7500,경상남도 창원시 진해구  남의로 57 (남양동) ,791,
12160,영흥철강,32401,1차 철강 제조업,85826509,42913254500,500,원(KRW),02-2077-8522,충청남도 보령시 주교면 관창공단길 50 -,791,
15360,예스코홀딩스,116409,기타 금융업,6000000,30000000000,5000,원(KRW),02-3390-3010,서울특별시 용산구 한강대로 92 LS 용산타워 ,791,
7310,오뚜기,31007,기타 식품 제조업,3605237,18026185000,5000,원(KRW),031-421-2122,경기도 안양시 동안구  흥안대로 405 ,791,
79440,오렌지라이프,116501,보험업,82000000,82000000000,1000,원(KRW),02-2020-8382,"서울특별시 중구 세종대로7길 37 (순화동, 오렌지센터)",791,
2630,오리엔트바이오,32102,의약품 제조업,228535104,114267552000,500,원(KRW),031-730-6036,경기 성남시 중원구 상대원동 143-1,791,
271560,오리온,31007,기타 식품 제조업,39536132,19768066000,500,원(KRW),02-710-6000,서울특별시 용산구 백범로90다길 13 ,791,
1800,오리온홀딩스,116409,기타 금융업,62645422,31322711000,500,원(KRW),02-710-6000,서울특별시 용산구  백범로90다길 13 (주)오리온 ,791,
70960,용평리조트,95501,일반 및 생활 숙박시설 운영업,48133333,240666665000,5000,원(KRW),033-330-8350,강원도 평창군  대관령면 올림픽로 715 ,791,
316140,우리금융지주,116409,기타 금융업,680164306,3400821530000,5000,원(KRW),02-2125-2000,서울특별시 중구 소공로 51 ,791,
4720,우리들제약,32102,의약품 제조업,11570324,5785162000,500,원(KRW),02-2194-3532,경기 화성시 향남면 상신리 향남제약공단 902-5,791,
118000,우리들휴브레인,74605,기계장비 및 관련 물품 도매업,24298019,12149009500,500,원(KRW),2194-3535,"경기도 화성시 병점중앙로 156 202호(진안동, 드림빌딩)",791,
10050,우리종금,116409,기타 금융업,674203406,337101703000,500,원(KRW),062-221-6600,광주광역시 동구 금남로 182 (금남로5가),791,
6980,우성사료,31006,"곡물가공품, 전분 및 전분제품 제조업",30900000,15450000000,500,원(KRW),042-670-1724,대전광역시 대덕구 한밭대로 1027 ,791,
17370,우신시스템,32902,특수 목적용 기계 제조업,18314054,9157027000,500,원(KRW),031-496-6114,서울특별시 영등포구  영등포로 20 ,791,
105840,우진,32702,"측정, 시험, 항해, 제어 및 기타 정밀기기 제조업; 광학기기 제외",18592056,9296028000,500,원(KRW),031-379-3114,경기도 화성시 동부대로970번길 110 ,791,
10400,우진아이엔에스,64202,건물설비 설치 공사업,7622000,3811000000,500,원(KRW),02-535-7050,서울특별시 서초구 방배로 166 한승빌딩 3층 ,791,
49800,우진플라임,32902,특수 목적용 기계 제조업,10000000,5000000000,500,원(KRW),043-540-9000,충청북도 보은군 장안면 우진플라임로 100 본관동,791,
16880,웅진,116409,기타 금융업,74166668,39333334000,500,원(KRW),02-2076-4701,서울특별시 종로구 창경궁로 120 종로플레이스빌딩,791,
95720,웅진씽크빅,168501,초등 교육기관,134173248,67086624000,500,원(KRW),031-956-7000,경기도 파주시  회동길 20 ,791,
103130,웅진에너지,32601,반도체 제조업,30947322,154736610000,5000,원(KRW),042-939-8114,대전광역시 유성구  테크노2로 37 (관평동),791,
21240,웅진코웨이,199609,그외 기타 개인 서비스업,73799619,40662398000,500,원(KRW),041-850-7811-5,충청남도 공주시 유구읍 유구마곡사로 136-23 ,791,
5820,원림,31303,편조원단 제조업,2200000,11000000000,5000,원(KRW),02-523-9236,서울특별시 서초구  남부순환로 2495 원림빌딩 9층 ,791,
10600,웰바이오텍,74601,상품 중개업,41567981,20783990500,500,원(KRW),02-6902-1300,서울특별시 강남구 영동대로106길 17 5층,791,
8600,윌비스,74604,생활용품 도매업,57000000,62646140000,1000,원(KRW),041-529-5716,충청남도 천안시 동남구  만남로 76 ,791,
33270,유나이티드,32102,의약품 제조업,16207322,8103661000,500,원(KRW),02  -516 -3041,세종특별자치시 전동면 노장리 404-10 ,791,
14830,유니드,32001,기초 화학물질 제조업,8889843,44449215000,5000,원(KRW),02-3709-9500,서울특별시 중구  을지로5길 19 ,791,
910,유니온,32303,"시멘트, 석회, 플라스터 및 그 제품 제조업",15611619,7805809500,500,원(KRW),02-3455-8793,서울특별시 중구  소공로 94 OCI빌딩 13층,791,
47400,유니온머티리얼,32302,"내화, 비내화 요업제품 제조업",42000000,21000000000,500,원(KRW),055-580-4135,대구광역시 달서구  성서공단남로 151 ,791,
11330,유니켐,31501,"가죽, 가방 및 유사제품 제조업",62169074,31084537000,500,원(KRW),031-491-3751,경기도 안산시 단원구 해봉로 38 ,791,
77500,유니퀘스트,74605,기계장비 및 관련 물품 도매업,27190652,13595326000,500,원(KRW),031-708-9988,"경기도 성남시 분당구  황새울로 314 (서현동,유니퀘스트빌딩)",791,
2920,유성기업,33003,자동차 신품 부품 제조업,25947500,12973750000,500,원(KRW),02-564-2351,충청남도 아산시 둔포면 아산밸리동로 22 ,791,
700,유수홀딩스,137105,회사 본부 및 경영 컨설팅 서비스업,26041812,65104530000,2500,원(KRW),02-6716-3000,서울특별시 영등포구 국제금융로2길 25 유수홀딩스,791,
3470,유안타증권,116601,금융 지원 서비스업,199596576,1062543940000,5000,원(KRW),02-3770-2000,서울 중구 을지로2가 185번지 동양종합금융증권빌딩,791,
11690,유양디앤유,32601,반도체 제조업,57424201,28712100500,500,원(KRW),031-350-7437,경기도 화성시  팔탄면 율암길 223 ,791,
72130,유엔젤,106301,"자료처리, 호스팅, 포털 및 기타 인터넷 정보매개 서비스업",13195454,6597727000,500,원(KRW),031-710-6200,경기도 성남시 분당구 황새울로240번길 3 ,791,
220,유유제약,32102,의약품 제조업,6368587,8042972000,1000,원(KRW),043-652-7981,충청북도 제천시  바이오밸리1로 94 ,791,
1200,유진증권,116601,금융 지원 서비스업,96866418,537592090000,5000,원(KRW),02-368-6114,서울특별시 영등포구 국제금융로 24 (여의도동),791,
100,유한양행,32102,의약품 제조업,12777115,65066515000,5000,원(KRW),02-828-0181,서울특별시 동작구  노량진로 74 ,791,
3460,유화증권,116601,금융 지원 서비스업,11340483,74178840000,5000,원(KRW),02-3770-0100,서울특별시 영등포구  국제금융로2길 36 유화증권빌딩 ,791,
8730,율촌화학,32202,플라스틱제품 제조업,24800000,14776380000,500,원(KRW),02-822-0022,서울특별시 동작구 여의대방로 112 도연관 15층,791,
8250,이건산업,31602,나무제품 제조업,10952635,54763175000,5000,원(KRW),032-760-0800,인천광역시 남구 염전로 91  ,791,
25820,이구산업,32402,1차 비철금속 제조업,33442000,16721000000,500,원(KRW),031-494-2929,경기도 평택시 포승읍 포승공단로 42 이구산업(주),791,
214320,이노션,137103,광고업,20000000,10000000000,500,원(KRW),02-2016-2300,서울특별시 강남구 강남대로 308 ,791,
88260,이리츠코크렙,126801,부동산 임대 및 공급업,63341590,31670795000,500,원(KRW),02-787-0000,서울특별시 강남구 삼성로 511 ,791,
139480,이마트,74701,종합 소매업,27875819,139379095000,5000,원(KRW),02-380-5678,서울특별시 성동구  뚝섬로 377 ,791,
7660,이수페타시스,32602,전자부품 제조업,41268398,41268398000,1000,원(KRW),053-610-0300,대구광역시 달성군  논공읍 논공로53길 36 이수페타시스,791,
5950,이수화학,32001,기초 화학물질 제조업,15278000,76390000000,5000,원(KRW),02-590-6600,서울특별시 서초구 사평대로 84 이수화학 ,791,
15020,이스타코,126801,부동산 임대 및 공급업,42851600,21425800000,500,원(KRW),02-2643-7922,서울특별시 양천구 오목로 325 대학빌딩 5층,791,
93230,이아이디,74607,기타 전문 도매업,242188696,48437739200,200,원(KRW),031-8027-8855,경기도 광주시 곤지암읍 경충대로 425 4층,791,
102460,이연제약,32102,의약품 제조업,16770000,8385000000,500,원(KRW),02-3407-5218,"서울특별시 강남구 영동대로 416 8층 (대치동, 코스모타워)",791,
84680,이월드,189102,유원지 및 기타 오락관련 서비스업,90509897,90509897000,1000,원(KRW),053-620-0001,대구광역시 달서구  두류공원로 200 ,791,
760,이화산업,74607,기타 전문 도매업,2800000,14000000000,5000,원(KRW),02-2007-5555,서울특별시 영등포구 선유동2로 70 (당산동 5가),791,
14990,인디에프,31401,봉제의복 제조업,58932995,29466497500,500,원(KRW),02-3456-9000,서울특별시 강남구  테헤란로104길 21 ,791,
6490,인스코비,106102,전기 통신업,90143464,45071732000,500,원(KRW),070-7510-3448,"서울특별시 금천구  디지털로9길 47 (가산동, 한신아이티타워2차306-2호)",791,
23800,인지컨트롤스,33003,자동차 신품 부품 제조업,15160128,7580064000,500,원(KRW),031-496-1725,"경기도 시흥시  군자천로 171 (정왕동, 시화공단2다504)",791,
34590,인천도시가스,43502,연료용 가스 제조 및 배관공급업,4374754,21873770000,5000,원(KRW),-1600-0002,인천광역시 서구  백범로934번길 23 ,791,
129260,인터지스,84903,도로 화물 운송업,29747874,14873937000,500,원(KRW),051-604-3333,부산광역시 중구  충장대로9번길 52 마린센터 13층,791,
23810,인팩,33003,자동차 신품 부품 제조업,10000000,5000000000,500,원(KRW),02-3432-3333,서울특별시 송파구 백제고분로 450 -,791,
249420,일동제약,32102,의약품 제조업,22670452,22670452000,1000,원(KRW),25263114,서울특별시 서초구 바우뫼로27길 2 ,791,
230,일동홀딩스,116409,기타 금융업,11002587,11002587000,1000,원(KRW),02-526-3114,서울특별시 서초구  바우뫼로27길 2 일동제약빌딩,791,
13360,일성건설,64102,토목 건설업,54024880,27012440000,500,원(KRW),032-429-3270,"인천광역시 남동구  인하로507번길 80 (구월동, 태광프라자402호)",791,
3120,일성신약,32102,의약품 제조업,2660000,13300000000,5000,원(KRW),02-3271-8800,서울특별시 용산구  원효로84길 9 ,791,
3200,일신방직,31301,방적 및 가공사 제조업,2400000,12000000000,5000,원(KRW),02-3774-0114,서울특별시 영등포구  은행로 11 ,791,
7110,일신석재,74606,"건축자재, 철물 및 난방장치 도매업",77456610,38728305000,500,원(KRW),02-487-9009,서울특별시 강동구 성내로 19 서경빌딩 6층,791,
7570,일양약품,32102,의약품 제조업,19085664,48826860000,2500,원(KRW),02-570-3700,경기도 용인시 기흥구  하갈로 110 ,791,
8500,일정실업,31303,편조원단 제조업,1200000,6000000000,5000,원(KRW),031-493-0031-5,경기도 안산시 단원구 산성로 21 (초지동),791,
81000,일진다이아,32004,기타 화학제품 제조업,11277975,11277975000,1000,원(KRW),02-707-9076,충청북도 음성군  대소면 대금로 157 ,791,
20760,일진디스플,32601,반도체 제조업,28314440,14157220000,500,원(KRW),031-680-0212,충청북도 음성군  대소면 대금로 157 ,791,
20150,일진머티리얼즈,32602,전자부품 제조업,46110835,23055417500,500,원(KRW),02-707-9060,전라북도 익산시 석암로3길 63-25 ,791,
103590,일진전기,32803,절연선 및 케이블 제조업,37080390,37080390000,1000,원(KRW),02-707-9781,경기도 화성시  만년로 905-17 ,791,
15860,일진홀딩스,116409,기타 금융업,49347483,49852615000,1000,원(KRW),031-220-0500,경기도 화성시  만년로 905-17 ,791,
226320,잇츠한불,32004,기타 화학제품 제조업,21929315,10964657500,500,원(KRW),02-3450-0343,서울특별시 강남구 학동로 311 주식회사 잇츠한불,791,
33240,자화전자,32602,전자부품 제조업,17900000,8950000000,500,원(KRW),043-210-7114,충청북도 청원군  북이면 충청대로 1217 ,791,
950,전방,31301,방적 및 가공사 제조업,1680000,8400000000,5000,원(KRW),02-2122-6000,"서울특별시 서대문구  서소문로 21 (충정로3가, 충정타워)",791,
194370,제이에스코퍼레이션,31501,"가죽, 가방 및 유사제품 제조업",13335601,1333560100,100,원(KRW),02-2040-3400,서울특별시 강남구 개포로 640 ,791,
25620,제이준코스메틱,32004,기타 화학제품 제조업,26524184,13262092000,500,원(KRW),02-2193-9500,인천광역시 남동구 남동대로 405 (남촌동 614),791,
30000,제일기획,137103,광고업,115041225,23008245000,200,원(KRW),02-3780-2114,서울특별시 용산구  이태원로 222 제일기획 ,791,
271980,제일약품,32102,의약품 제조업,14704872,7352436000,500,원(KRW),02-549-7451,서울특별시 서초구 사평대로 343 제일약품 사옥 ,791,
1560,제일연마,32309,기타 비금속 광물제품 제조업,10000000,5000000000,500,원(KRW),054-285-8401,경상북도 포항시 남구 대송로101번길 34(장흥동) ,791,
2620,제일파마홀딩스,137105,회사 본부 및 경영 컨설팅 서비스업,15973355,7986677500,500,원(KRW),02-549-7451,서울특별시 서초구 사평대로 343 ,791,
6220,제주은행,116401,은행 및 저축기관,32128774,160643870000,5000,원(KRW),064-720-0200,제주특별자치도 제주시  오현길 90 (이도일동),791,
89590,제주항공,85101,항공 여객 운송업,26356758,131783790000,5000,원(KRW),070-7420-1986,제주특별자치도 제주시 신대로 64 3층 ,791,
4910,조광페인트,32004,기타 화학제품 제조업,12800000,6400000000,500,원(KRW),051-304-7701-5,부산광역시 사상구  삼덕로 5 148,791,
4700,조광피혁,31501,"가죽, 가방 및 유사제품 제조업",6649138,34245690000,5000,원(KRW),043-270-5311-3,"충청북도 청주시 흥덕구 공단로126번길 97 (송정동, 공단2브럭)",791,
1550,조비,32003,"비료, 농약 및 살균, 살충제 제조업",5192239,25961195000,5000,원(KRW),02-3488-5853,서울특별시 서초구 효령로77길 28 동오빌딩 (서초동 1337-4),791,
480,조선내화,32302,"내화, 비내화 요업제품 제조업",4000000,20000000000,5000,원(KRW),061-798-8114,전라남도 광양시 산업로 55 ,791,
120030,조선선재,32509,기타 금속 가공제품 제조업,1257651,628825500,500,원(KRW),054-289-8200,경상북도 포항시 남구 괴동로 43 (장흥동),791,
18470,조일알미늄,32402,1차 비철금속 제조업,69600000,34800000000,500,원(KRW),053-856-5252,경상북도 경산시  진량읍 공단6로 98 ,791,
2600,조흥,31007,기타 식품 제조업,600000,3000000000,5000,원(KRW),031-433-3883,경기도 안산시 단원구  시화로 38 (성곡동),791,
185750,종근당,32102,의약품 제조업,10370290,25925725000,2500,원(KRW),02-2194-0300,서울 서대문구 충정로3가 3가 368 종근당빌딩 ,791,
63160,종근당바이오,32102,의약품 제조업,5229489,13073722500,2500,원(KRW),02-2194-0555,서울특별시 서대문구  충정로 8 ,791,
1630,종근당홀딩스,116409,기타 금융업,5009861,12524652500,2500,원(KRW),02-6373-0600,서울특별시 서대문구  충정로 8 종근당빌딩 ,791,
44380,주연테크,32603,컴퓨터 및 주변장치 제조업,98773270,9877327000,100,원(KRW),02-2122-1000,서울특별시 마포구 양화로 134 (서교동) 5층,791,
13870,지엠비코리아,33003,자동차 신품 부품 제조업,19072280,9536140000,500,원(KRW),055-263-2131,경상남도 창원시 성산구  웅남로 618(성산동) ,791,
71320,지역난방공사,43503,"증기, 냉·온수 및 공기조절 공급업",11578744,57893720000,5000,원(KRW),031-780-4114,경기도 성남시 분당구 분당로 368 ,791,
10580,지코,33003,자동차 신품 부품 제조업,50521414,25260707000,500,원(KRW),041-529-7714,충청남도 아산시 도고면 도고면로 48-15 (주)지코,791,
35000,지투알,137105,회사 본부 및 경영 컨설팅 서비스업,16567409,17571493000,1000,원(KRW),02-705-2173,서울특별시 마포구  마포대로 155 LG마포B/D15F,791,
88790,진도,74607,기타 전문 도매업,12447744,6223872000,500,원(KRW),02-850-8270,서울특별시 금천구  가산디지털1로 75 ,791,
3780,진양산업,32202,플라스틱제품 제조업,13000000,6500000000,500,원(KRW),055-382-8981,경상남도 양산시  유산공단7길 42-1 ,791,
10640,진양폴리우레탄,32001,기초 화학물질 제조업,10000000,5000000000,500,원(KRW),031-657-2545,경기 평택시 세교동 536-8번지,791,
100250,진양홀딩스,116409,기타 금융업,55895292,27947646000,500,원(KRW),051-809-8813,부산광역시 부산진구 시민공원로 20번길 8(부암동) -,791,
51630,진양화학,32202,플라스틱제품 제조업,12000000,6000000000,500,원(KRW),052-278-0700,울산광역시 남구  장생포로 93 ,791,
272450,진에어,85101,항공 여객 운송업,30000000,30000000000,1000,원(KRW),1600-6200,"서울특별시 강서구 공항대로 453, 3층 ",791,
11000,진원생명과학,32102,의약품 제조업,21174063,21174063000,1000,원(KRW),02-527-0600,서울특별시 강남구 학동로 343 더피나클강남 10층,791,
2780,진흥기업,64102,토목 건설업,145471745,73311885500,500,원(KRW),02-772-1200,"인천광역시 연수구 컨벤시아대로 69 (송도동 , 송도밀레니엄 807호)",791,
9310,참엔지니어링,32902,특수 목적용 기계 제조업,49189958,25019977500,500,원(KRW),031-330-8500,경기도 용인시 처인구  남사면 형제로 5 ,791,
650,천일고속,84902,육상 여객 운송업,1429220,7146100000,5000,원(KRW),051-254-9111,부산광역시 동구 중앙대로 168(초량동) ,791,
12600,청호컴넷,32901,일반 목적용 기계 제조업,8376352,41881760000,5000,원(KRW),02-3670-7700-2,서울특별시 강남구 도산대로 318 ,791,
33250,체시스,33003,자동차 신품 부품 제조업,24000000,12000000000,500,원(KRW),053-851-8511,경상북도 경산시 진량읍 일연로 528 ,791,
35720,카카오,106301,"자료처리, 호스팅, 포털 및 기타 인터넷 정보매개 서비스업",83397873,41748936500,500,원(KRW),02-6718-1082,제주특별자치도 제주시 첨단로 242 ,791,
6380,카프로,32001,기초 화학물질 제조업,40000000,20000000000,500,원(KRW),02-399-1200,서울특별시 중구 을지로 51 교원내외빌딩 14F ,791,
109070,컨버즈,31702,"골판지, 종이 상자 및 종이용기 제조업",12888520,6444260000,500,원(KRW),070-4858-4652,경기도 용인시 처인구  이동면 백옥대로 563 ,791,
29460,케이씨,32702,"측정, 시험, 항해, 제어 및 기타 정밀기기 제조업; 광학기기 제외",13554044,6777022000,500,원(KRW),031-670-8900,경기도 안성시  미양면 제2공단2길 39 ,791,
2380,케이씨씨,32004,기타 화학제품 제조업,10556513,56434870000,5000,원(KRW),02-3480-5000,서울특별시 서초구  사평대로 344 (주)케이씨씨 빌딩,791,
281820,케이씨텍,32702,"측정, 시험, 항해, 제어 및 기타 정밀기기 제조업; 광학기기 제외",19839340,9919670000,500,원(KRW),031-670-8000,경기도 안성시 미양면 제2공단3길 30 ,791,
9070,케이씨티시,84903,도로 화물 운송업,30000000,15000000000,500,원(KRW),02-310-0700,서울특별시 중구 남대문로 63 한진빌딩 ,791,
145270,케이탑리츠,126801,부동산 임대 및 공급업,45096847,45096847000,1000,원(KRW),02-783-5858,서울특별시 영등포구 국제금융로 70 미원빌딩 19층 1901호,791,
30200,케이티,106102,전기 통신업,261111808,1564498835000,5000,원(KRW),031-727-0114,경기도 성남시 분당구 불정로 90 KT 본사 ,791,
53210,케이티스카이라이프,106002,텔레비전 방송업,47821966,119554915000,2500,원(KRW),02-2003-3000,"서울특별시 마포구 매봉산로 758층, 9층 ",791,
33780,케이티앤지,31201,담배 제조업,137292497,954959485000,5000,원(KRW),042-939-5000,대전광역시 대덕구 벚꽃길 71 주식회사 케이티앤지,791,
7810,코리아써키트,32602,전자부품 제조업,23620751,13684570000,500,원(KRW),031-491-3061,경기도 안산시 단원구  강촌로139번길 9 ,791,
152330,코리아오토글라스,32301,유리 및 유리제품 제조업,20000000,100000000000,5000,원(KRW),044-860-5000,세종특별자치시  전의면 산단길 134 ,791,
3690,코리안리,116502,재 보험업,120369116,60184558000,500,원(KRW),02-3702-6000,서울특별시 종로구  종로5길 68 (수송동) 코리안리빌딩,791,
192820,코스맥스,32004,기타 화학제품 제조업,10049509,5024754500,500,원(KRW),031-359-0300,"경기도 화성시  향남읍 제약공단1길 27, 2길 46 ",791,
44820,코스맥스비티아이,116409,기타 금융업,9603921,4801960500,500,원(KRW),031-789-3000,"경기도 성남시 분당구 판교로 255 에프-801(삼평동,판교이노밸리)",791,
5070,코스모신소재,32004,기타 화학제품 제조업,19747965,19747965000,1000,원(KRW),043-850-1114,충청북도 충주시 충주호수로 36 (목행동) 코스모신소재 주식회사,791,
5420,코스모화학,32004,기타 화학제품 제조업,15840498,79202490000,5000,원(KRW),052-231-6700,서울특별시 서초구  반포대로 43 코스모빌딩 5층,791,
71950,코아스,33201,가구 제조업,30907210,15453605000,500,원(KRW),02-2692-2360,서울특별시 영등포구 선유로52길 17 ,791,
2020,코오롱,116409,기타 금융업,12626426,68514080000,5000,원(KRW),02-3677-3114,경기 과천시 별양동 1-23 코오롱타워,791,
3070,코오롱글로벌,64102,토목 건설업,25210438,127616205000,5000,원(KRW),02-3677-5114,경기도 과천시 코오롱로 11 코오롱타워,791,
144620,코오롱머티리얼,32005,화학섬유 제조업,54000000,54000000000,1000,원(KRW),02-3677-4286,경기도 과천시 코오롱로 11 코오롱타워 본관 8층,791,
120110,코오롱인더,32005,화학섬유 제조업,26978840,148733500000,5000,원(KRW),3677-3114,서울특별시 강서구 마곡동로 110 코오롱 One&Only 타워 ,791,
138490,코오롱플라스틱,32002,합성고무 및 플라스틱 물질 제조업,38000000,38000000000,1000,원(KRW),054-420-8371,경상북도 김천시  공단3길 64 (응명동),791,
31820,콤텍시스템,106201,"컴퓨터 프로그래밍, 시스템 통합 및 관리업",47851466,23925733000,500,원(KRW),02-3289-0114,서울특별시 영등포구  가마산로 343 ,791,
192400,쿠쿠홀딩스,116409,기타 금융업,7112437,3556218500,500,원(KRW),055-380-0734,경상남도 양산시 유산공단2길 14(교동) ,791,
284740,쿠쿠홈시스,147602,개인 및 가정용품 임대업,4487466,2243733000,500,원(KRW),055-380-0734,경기도 시흥시 엠티브이북로 349(정왕동) ,791,
15590,큐로,32901,일반 목적용 기계 제조업,124732646,62366323000,500,원(KRW),052-278-9000,울산광역시 남구  처용로 260-37 ,791,
264900,크라운제과,31007,기타 식품 제조업,12523850,2659482000,200,원(KRW),02-791-9123,서울특별시 용산구 한강대로72길 3(남영동) ,791,
5740,크라운해태홀딩스,116409,기타 금융업,14847347,7724036500,500,원(KRW),02-791-9123,서울특별시 용산구 한강대로72길 3 ,791,
20120,키다리스튜디오,106301,"자료처리, 호스팅, 포털 및 기타 인터넷 정보매개 서비스업",15832549,7916274500,500,원(KRW),02-6320-8500,서울특별시 마포구 독막로 311 재화스퀘어 12층,791,
39490,키움증권,116601,금융 지원 서비스업,22099740,110498700000,5000,원(KRW),02-3787-5000,"서울특별시 영등포구 여의나루로4길 18 여의도동,키움파이낸스스퀘어빌딩",791,
12170,키위미디어그룹,74607,기타 전문 도매업,197284650,98642325000,500,원(KRW),02-769-4799,"서울특별시 강남구 언주로 729 8층(논현동, 마스터스빌딩)",791,
15890,태경산업,32001,기초 화학물질 제조업,29228750,14614375000,500,원(KRW),031-206-0071,서울특별시 강서구 공항대로 467 4층(등촌동),791,
6890,태경화학,32001,기초 화학물질 제조업,11600000,5800000000,500,원(KRW),02-3661-8011,서울특별시 강서구  공항대로 467 (등촌동) ,791,
3240,태광산업,32005,화학섬유 제조업,1113400,5567000000,5000,원(KRW),02-3406-0300,서울특별시 중구  동호로 310 (장충동2가),791,
11280,태림포장,31702,"골판지, 종이 상자 및 종이용기 제조업",70805940,35402970000,500,원(KRW),031-499-3333,경기도 시흥시 공단1대로379번안길 74 ,791,
4100,태양금속공업,33003,자동차 신품 부품 제조업,36700000,20000000000,500,원(KRW),031-490-5500,경기도 안산시 단원구  해봉로 212 (성곡동),791,
9410,태영건설,64102,토목 건설업,76400000,39478740000,500,원(KRW),031-910-6999,경기도 고양시 일산동구 정발산로 24 ,791,
1420,태원물산,33003,자동차 신품 부품 제조업,7600000,3800000000,500,원(KRW),02-555-4301,서울특별시 강남구 테헤란로86길 14 (대치동),791,
7980,태평양물산,31401,봉제의복 제조업,49911742,24955871000,500,원(KRW),02-850-9000,서울특별시 구로구 디지털로31길 12 태평양물산 ,791,
55490,테이팩스,32202,플라스틱제품 제조업,4717650,3771825000,500,원(KRW),031-8047-4100,경기도 화성시 양감면 초록로532번길 62-16 ,791,
78000,텔코웨어,106301,"자료처리, 호스팅, 포털 및 기타 인터넷 정보매개 서비스업",9702706,5026353000,500,원(KRW),02 -2105-9800,서울특별시 서초구  법원로3길 20-7 ,791,
214420,토니모리,32004,기타 화학제품 제조업,17640000,3528000000,200,원(KRW),02-591-3191,서울특별시 서초구 남부순환로 2557 토니모리 빌딩 ,791,
140890,트러스제7호,126801,부동산 임대 및 공급업,9686000,48430000000,5000,원(KRW),02-785-8920,서울특별시 양천구  목동동로 233-3 ,791,
84870,티비에이치글로벌,31401,봉제의복 제조업,20856819,10428409500,500,원(KRW),02-2058-3800,서울특별시 강남구 봉은사로 456 베이직하우스빌딩(삼성동),791,
19180,티에이치엔,32809,기타 전기장비 제조업,18000000,9000000000,500,원(KRW),053-583-3001,대구광역시 달서구 성서로71길 43 ,791,
91810,티웨이항공,85101,항공 여객 운송업,46974812,23487406000,500,원(KRW),02-6250-4984,서울특별시 강서구 하늘길 210 ,791,
4870,티웨이홀딩스,32601,반도체 제조업,75437074,37718537000,500,원(KRW),02-2056-9800,"서울특별시 성동구 아차산로 153 7층(성수동2가, 예림출판문화센터)",791,
5690,파미셀,32101,기초 의약물질 및 생물학적 제제 제조업,59958950,29979475000,500,원(KRW),02-3496-0114,"서울특별시 강남구 언주로 874 (신사동, 쌍봉빌딩 7층) ",791,
36580,팜스코,31006,"곡물가공품, 전분 및 전분제품 제조업",36727943,18363971500,500,원(KRW),02-6200-9901,경기도 안성시  미양면 제2공단4길 33 ,791,
28670,팬오션,85001,해상 운송업,534569207,534569207000,1000,원(KRW),02-316-5114,서울특별시 종로구 종로5길 7 Tower 8 팬오션(주),791,
10820,퍼스텍,32502,무기 및 총포탄 제조업,46764840,23382420000,500,원(KRW),055-212-1606,경상남도 창원시 성산구  남면로 485 퍼스텍(주),791,
16800,퍼시스,33201,가구 제조업,11500000,14300000000,1000,원(KRW),02-3400-6386,서울특별시 송파구 오금로 311 오금동,791,
1020,페이퍼코리아,31701,"펄프, 종이 및 판지 제조업",89922517,44961258500,500,원(KRW),063-440-5000,전라북도 군산시 외항로 1245 페이퍼코리아(주),791,
90080,평화산업,33003,자동차 신품 부품 제조업,37403844,18701922000,500,원(KRW),053-610-7027,대구광역시 달성군 논공읍 논공로 597 ,791,
10770,평화홀딩스,116409,기타 금융업,14625466,7312733000,500,원(KRW),053-610-8500,대구광역시 달성군  논공읍 논공로 597 ,791,
5490,포스코,32401,1차 철강 제조업,87186835,482403125000,5000,원(KRW),054-220-0114,경상북도 포항시 남구  동해안로 6261 (주) 포스코,791,
58430,포스코강판,32401,1차 철강 제조업,6000000,30000000000,5000,원(KRW),054-280-6114,경상북도 포항시 남구  철강로 173 포스코강판주식회사,791,
47050,포스코인터내셔널,74601,상품 중개업,123375149,616875745000,5000,원(KRW),02-759-2114,서울특별시 중구  통일로 10 연세재단세브란스빌딩,791,
7630,폴루스바이오팜,32604,통신 및 방송 장비 제조업,38426927,19213463500,500,원(KRW),02-554-3377,인천광역시 연수구 송도과학로 32 송도테크노파크IT센터 M동 27층 ,791,
17810,풀무원,116409,기타 금융업,3809095,19045475000,5000,원(KRW),043-879-4500,충청북도 음성군 대소면 삼양로 730-27 ,791,
103140,풍산,32402,1차 비철금속 제조업,28024278,140121390000,5000,원(KRW),02-3406-5846,경기도 평택시  포승읍 평택항로156번길 134 (주)풍산,791,
5810,풍산홀딩스,116409,기타 금융업,7835167,45175835000,5000,원(KRW),02-2278-6700,인천광역시 계양구  아나지로 156 효성동 (주)풍산홀딩스,791,
33180,필룩스,32602,전자부품 제조업,57643122,28971561000,500,원(KRW),070-7780-8000,경기도 양주시 광적면 광적로 235-48 ,791,
86790,하나금융지주,116409,기타 금융업,300242062,1501210310000,5000,원(KRW),02-2002-1110,서울특별시 중구 을지로 66 (을지로 2가),791,
99340,하나니켈1호,116402,신탁업 및 집합투자업,22756200,113781000000,0,원(KRW),02-3771-9870,"서울특별시 중구 을지로 66 11층(을지로2가, 하나금융그룹 명동사옥)",791,
99350,하나니켈2호,116402,신탁업 및 집합투자업,3284000,16420000000,0,원(KRW),02-3771-9834,"서울특별시 중구 을지로 66 11층(을지로2가, 하나금융그룹 명동사옥)",791,
293480,하나제약,32102,의약품 제조업,16200000,8100000000,500,원(KRW),02-577-7667,경기도 화성시 향남읍 제약단지로 13-39 ,791,
39130,하나투어,147502,여행사 및 기타 여행보조 서비스업,11616185,5808092500,500,원(KRW),02-2127-1000,서울특별시 종로구 인사동5길 41 (주)하나투어 ,791,
172580,하이골드12호,147601,운송장비 임대업,13044500,65222500000,5000,원(KRW),02-2090-4625,제주특별자치도 제주시 연삼로 473 산업경제진흥원 (이도이동),791,
153360,하이골드3호,147601,운송장비 임대업,16149790,80748950000,5000,원(KRW),02-2090-4624,제주특별시자치도 제주시 연삼로 473 산업경제진흥원,791,
159650,하이골드8호,147601,운송장비 임대업,14905929,74529645000,5000,원(KRW),02-2090-4600,제주특별자치도 제주시 연삼로 473 산업경재진흥원 연삼로 473 산업경제진흥원(이도이동),791,
71090,하이스틸,32401,1차 철강 제조업,1999944,9999720000,5000,원(KRW),02-2273-2140,충청남도 당진시 송악읍 부곡공단4길 28-252 ,791,
19490,하이트론씨스템즈,32605,영상 및 음향기기 제조업,5530735,13826837500,2500,원(KRW),031-670-9100,경기도 안성시  삼죽면 서동대로 5953-85 ,791,
80,하이트진로,31101,알코올음료 제조업,70133611,368818745000,5000,원(KRW),02-3219-0114,서울특별시 강남구 영동대로 714 ,791,
140,하이트진로홀딩스,116409,기타 금융업,23206765,118387875000,5000,원(KRW),02-520-3112,서울특별시 강남구  영동대로 714 ,791,
152550,한국ANKOR유전,116402,신탁업 및 집합투자업,70020000,350100000000,0,원(KRW),2180-0493,서울특별시 영등포구 은행로 3 여의도동,791,
36460,한국가스공사,43502,연료용 가스 제조 및 배관공급업,92313000,461565000000,5000,원(KRW),053-670-0114,대구광역시 동구 첨단로 120- ,791,
5430,한국공항,85209,기타 운송관련 서비스업,3166355,15831775000,5000,원(KRW),02-2660-3114,서울특별시 강서구  양천로 13 (방화동) 한국공항(주),791,
71050,한국금융지주,116409,기타 금융업,55725992,307921215000,5000,원(KRW),02-3276-6400,서울특별시 영등포구  의사당대로 88 ,791,
10040,한국내화,32302,"내화, 비내화 요업제품 제조업",22863632,11431816000,500,원(KRW),041-359-2200,충청남도 당진시  송산면 무수들길 370 ,791,
25540,한국단자공업,32801,"전동기, 발전기 및 전기 변환 · 공급 · 제어 장치 제조업",10415000,5207500000,500,원(KRW),032-814-9981,인천광역시 연수구 갯벌로 38 ,791,
4090,한국석유공업,32309,기타 비금속 광물제품 제조업,655200,3276000000,5000,원(KRW),02-799-3114,서울특별시 용산구  이촌로 166 ,791,
2200,한국수출포장공업,31702,"골판지, 종이 상자 및 종이용기 제조업",4000000,20000000000,5000,원(KRW),02-525-2981-9,서울특별시 서초구 서초중앙로 63 ,791,
2960,한국쉘석유,31902,석유 정제품 제조업,1300000,7000000000,5000,원(KRW),051-620-5133,부산광역시 남구  신선로 250 (용당동) ,791,
123890,한국자산신탁,116402,신탁업 및 집합투자업,112853251,56426625500,500,원(KRW),02-2112-6300,"서울특별시 강남구 테헤란로 306 (역삼동, 카이트타워) ",791,
15760,한국전력공사,43501,전기업,641964077,3209820385000,5000,원(KRW),061-345-3114,전라남도 나주시 전력로 55 -,791,
6200,한국전자홀딩스,116409,기타 금융업,46803136,23401568000,500,원(KRW),02-3497-5535,서울특별시 서초구  마방로10길 5 ,791,
2300,한국제지,31701,"펄프, 종이 및 판지 제조업",5004949,25024745000,5000,원(KRW),02-3475-7200,서울특별시 강남구  테헤란로 504 해성빌딩 19층,791,
23350,한국종합기술,137201,"건축기술, 엔지니어링 및 관련 기술 서비스업",10950000,5475000000,500,원(KRW),02-2049-2517,경기도 성남시 중원구 산성대로476번길 6 (금광동),791,
25890,한국주강,32902,특수 목적용 기계 제조업,11309259,5654629500,500,원(KRW),055-585-7251,경상남도 함안군 법수면 장백로 585 - ,791,
970,한국주철관공업,32401,1차 철강 제조업,22800500,12000000000,500,원(KRW),051-291-5481-5,부산광역시 사하구  을숙도대로 525 ,791,
104700,한국철강,32401,1차 철강 제조업,46050000,46050000000,1000,원(KRW),055-260-0500,경상남도 창원시 성산구  공단로103번길 12 한국철강(주) ,791,
17960,한국카본,32501,"구조용 금속제품, 탱크 및 증기발생기 제조업",43960757,21980378500,500,원(KRW),055-350-8888,경상남도 밀양시 부북면 춘화로 85 ,791,
161890,한국콜마,32004,기타 화학제품 제조업,22346698,11173349000,500,원(KRW),02-3485-0332,세종특별자치시  전의면 덕고개길 12-11 ,791,
24720,한국콜마홀딩스,116409,기타 금융업,17938966,8969483000,500,원(KRW),041-862-1057,세종특별자치시  전의면 덕고개길 12-11 ,791,
161390,한국타이어,32201,고무제품 제조업,123875069,61937534500,500,원(KRW),02-2222-1000,서울특별시 강남구  테헤란로 133 ,791,
240,한국타이어월드와이드,116409,기타 금융업,93020173,46510086500,500,원(KRW),02-2222-1000,서울특별시 강남구 테헤란로 133 ,791,
34830,한국토지신탁,116402,신탁업 및 집합투자업,252489230,252489230000,1000,원(KRW),234511181,서울특별시 강남구 테헤란로 309 ,791,
7280,한국특수형강,32401,1차 철강 제조업,32353490,16176745000,500,원(KRW),051-323-2611,부산광역시 사상구  장인로77번길 52(학장동) ,791,
168490,한국패러랠,116402,신탁업 및 집합투자업,80020000,400100000000,0,원(KRW),02-3276-4815,서울특별시 영등포구 은행로3 ,791,
10100,한국프랜지공업,33003,자동차 신품 부품 제조업,30450420,30450420000,1000,원(KRW),052-233-5511,울산 동구 동부동 194,791,
47810,한국항공우주,33103,"항공기,우주선 및 부품 제조업",97475107,487375535000,5000,원(KRW),055-851-1000,경상남도 사천시  사남면 공단1로 78 한국항공우주산업 ,791,
123690,한국화장품,74604,생활용품 도매업,16068000,8034000000,500,원(KRW),02-724-3281,서울특별시 종로구 청계천로 35 ,791,
3350,한국화장품제조,32004,기타 화학제품 제조업,4532000,2266000000,500,원(KRW),02-724-3710,서울특별시 종로구 청계천로 35 ,791,
11500,한농화성,32004,기타 화학제품 제조업,15637042,7818521000,500,원(KRW),063-462-2455,"전라북도 군산시  외항1길 24 (소룡동,0)",791,
2390,한독,32102,의약품 제조업,13763533,6881766500,500,원(KRW),02-527-5114,서울특별시 강남구  테헤란로 132 ,791,
14790,한라,64102,토목 건설업,38874942,194374710000,5000,원(KRW),02-3434-5114,서울특별시 송파구 올림픽로 289 ,791,
60980,한라홀딩스,116409,기타 금융업,10472070,55086180000,5000,원(KRW),02-3434-6363,경기도 용인시 기흥구 기흥단지로 46 -,791,
53690,한미글로벌,137201,"건축기술, 엔지니어링 및 관련 기술 서비스업",10957550,5478775000,500,원(KRW),02-3429-6300,서울특별시 강남구 테헤란로87길 36 도심공항타워 층,791,
42700,한미반도체,32902,특수 목적용 기계 제조업,57223890,12716420500,200,원(KRW),032-571-9100,인천광역시 서구 가좌로30번길 14 ,791,
8930,한미사이언스,116409,기타 금융업,64742860,32371430000,500,원(KRW),02-410-9114,경기도 화성시 팔탄면 무하로 214 한미약품(주) 팔탄공단,791,
128940,한미약품,32102,의약품 제조업,11612184,29030460000,2500,원(KRW),031-356-3311,경기도 화성시  팔탄면 무하로 214 ,791,
9240,한샘,74604,생활용품 도매업,23533928,23533928000,1000,원(KRW),02-6470-3114,경기도 안산시 단원구 번영2로 144 ,791,
20000,한섬,31401,봉제의복 제조업,24630000,12315000000,500,원(KRW),02-3416-2000,서울특별시 강남구  도산대로 523 한섬빌딩,791,
3680,한성기업,31002,수산물 가공 및 저장 처리업,5933871,29669355000,5000,원(KRW),051-410-7100,부산광역시 영도구  태종로 63 ,791,
105630,한세실업,31401,봉제의복 제조업,40000000,20000000000,500,원(KRW),02-3779-0779,서울특별시 영등포구 은행로 29 정우빌딩 ,791,
69640,한세엠케이,74704,"섬유, 의복, 신발 및 가죽제품 소매업",12909322,6454661000,500,원(KRW),02-2142-5000,서울특별시 강남구  논현로 633 ,791,
16450,한세예스24홀딩스,116409,기타 금융업,40000000,20000000000,500,원(KRW),02-3779-0800,서울특별시 영등포구  은행로 11 일신빌딩 6층 ,791,
9180,한솔로지스틱스,85209,기타 운송관련 서비스업,27477425,14340941000,500,원(KRW),02-3287-7400,서울특별시 중구 을지로 100 파인애비뉴 B동 22층 ,791,
213500,한솔제지,31701,"펄프, 종이 및 판지 제조업",23800576,119002880000,5000,원(KRW),02-3287-6040,"서울특별시 중구 을지로 100 비동 (을지로2가, 파인애비뉴) ",791,
14680,한솔케미칼,32001,기초 화학물질 제조업,11295195,56475975000,5000,원(KRW),02-2152-2326,서울특별시 강남구 테헤란로 513K Tower 7F / 8F ,791,
4710,한솔테크닉스,32602,전자부품 제조업,22109878,110549390000,5000,원(KRW),02-3287-7902,서울특별시 중구 을지로 100 ,791,
10420,한솔피엔에스,74607,기타 전문 도매업,20493012,10246506000,500,원(KRW),02-6005-4534,서울특별시 중구 퇴계로 213 일흥빌딩 5층 ,791,
4150,한솔홀딩스,116409,기타 금융업,46359871,231799355000,5000,원(KRW),02-3287-6875,서울특별시 중구 을지로 100 파인애비뉴 B동 24층 ,791,
25750,한솔홈데코,31601,제재 및 목재 가공업,80565149,83765149000,1000,원(KRW),02-3284-3881,서울특별시 동작구 보라매로5길 15 전문건설회관빌딩 ,791,
4960,한신공영,64101,건물 건설업,11570702,57853510000,5000,원(KRW),02-3393-3114,경기도 용인시 처인구  백암면 덕평로 82 ,791,
11700,한신기계공업,32901,일반 목적용 기계 제조업,32446151,16223075500,500,원(KRW),031-491-3911,경기도 안산시 단원구  해봉로330번길 23 신길동,791,
1750,한양증권,116601,금융 지원 서비스업,12728534,66267670000,5000,원(KRW),02-3770-5000,서울 영등포구 여의도동 34-11,791,
18880,한온시스템,32901,일반 목적용 기계 제조업,533800000,53380000000,100,원(KRW),042-930-6114,대전광역시 대덕구  신일서로 95 ,791,
9420,한올바이오파마,32102,의약품 제조업,52240638,26120319000,500,원(KRW),042-932-5997,대전광역시 대덕구  상서당1길 43  ,791,
14130,한익스프레스,84903,도로 화물 운송업,12000000,6000000000,500,원(KRW),02-3400-5474,경기도 화성시 양감면 초록로 103 (주)한익스프레스,791,
300720,한일시멘트,32303,"시멘트, 석회, 플라스터 및 그 제품 제조업",4144970,20724850000,5000,원(KRW),02-531-7000,서울특별시 강남구 강남대로 330 우덕빌딩 ,791,
2220,한일철강,32401,1차 철강 제조업,2232233,11161165000,5000,원(KRW),02-2267-6161,서울특별시 중구  퇴계로27길 28 (한영빌딩 9층),791,
6390,한일현대시멘트,32303,"시멘트, 석회, 플라스터 및 그 제품 제조업",16821290,84106450000,5000,원(KRW),02-520-2114,서울특별시 강남구 강남대로 330 역삼동 우덕빌딩 ,791,
3300,한일홀딩스,137105,회사 본부 및 경영 컨설팅 서비스업,5995844,31349890000,5000,원(KRW),02-550-7901,서울특별시 강남구  강남대로 330 우덕빌딩 ,791,
51600,한전KPS,64203,전기 및 통신 공사업,45000000,9000000000,200,원(KRW),061-345-2000,전라남도 나주시 문화로 211 -,791,
52690,한전기술,137201,"건축기술, 엔지니어링 및 관련 기술 서비스업",38220000,7644000000,200,원(KRW),031-289-3114,경상북도 김천시 혁신로 269 (율곡동),791,
130660,한전산업,137201,"건축기술, 엔지니어링 및 관련 기술 서비스업",32600000,16300000000,500,원(KRW),02-2250-2700,서울특별시 중구  서소문로 115 한산빌딩 ,791,
2320,한진,84903,도로 화물 운송업,11974656,59873280000,5000,원(KRW),02-728-5114,서울특별시 중구 남대문로 63 한진빌딩 ,791,
97230,한진중공업,64102,토목 건설업,106052508,530262540000,5000,원(KRW),051-410-3114,부산광역시 영도구  태종로 233 한진중공업,791,
3480,한진중공업홀딩스,116409,기타 금융업,29529812,155149060000,5000,원(KRW),051-410-3114,경기도 남양주시 별내3로 391 관리동 1층,791,
180640,한진칼,116409,기타 금융업,59170458,149268060000,2500,원(KRW),02-726-6166,서울특별시 중구 소공로 88 (소공동),791,
5110,한창,74605,기계장비 및 관련 물품 도매업,34790269,17395134500,500,원(KRW),02-850-6545,부산광역시 연제구 중앙대로 1052 501호(연산동),791,
9460,한창제지,31701,"펄프, 종이 및 판지 제조업",59667486,29833743000,500,원(KRW),055-370-2000,경상남도 양산시  웅상대로 1564 (주)한창제지,791,
880,한화,32004,기타 화학제품 제조업,74958735,489550145000,5000,원(KRW),02-729-1114,서울특별시 중구  청계천로 86 24층,791,
27390,한화갤러리아타임월드,74701,종합 소매업,6000131,30000655000,5000,원(KRW),042-480-5000,대전광역시 서구  대덕대로 211 갤러리아타임월드백화점 (주)한화타임월드,791,
88350,한화생명,116501,보험업,868530000,4342650000000,5000,원(KRW),02-789-5114,서울특별시 영등포구 63로 50 ,791,
370,한화손해보험,116501,보험업,116738915,583694575000,5000,원(KRW),02-1566-8000,서울특별시 영등포구  여의대로 56 한화손해보험(주),791,
12450,한화에어로스페이스,33103,"항공기,우주선 및 부품 제조업",52040000,265650000000,5000,원(KRW),055-260-2114,경상남도 창원시 성산구  창원대로 1204 ,791,
9830,한화케미칼,32001,기초 화학물질 제조업,163110394,821170655000,5000,원(KRW),02-729-2700,서울특별시 중구 청계천로 86 한화빌딩 ,791,
3530,한화투자증권,116601,금융 지원 서비스업,172442511,886212555000,5000,원(KRW),02-3772-7000,서울특별시 영등포구  여의대로 56 한화증권빌딩 한화투자증권 주식회사,791,
195870,해성디에스,32602,전자부품 제조업,17000000,85000000000,5000,원(KRW),7047610000,경상남도 창원시 성산구 웅남로 726 ,791,
101530,해태제과식품,31007,기타 식품 제조업,29116822,14558411000,500,원(KRW),02-709-7766,충청남도 천안시 서북구 성거읍 천흥8길 67-26 ,791,
143210,핸즈코퍼레이션,33003,자동차 신품 부품 제조업,21863268,10931634000,500,원(KRW),032-870-9600,인천광역시 서구 가정로37번길 50 ,791,
720,현대건설,64102,토목 건설업,111355765,557273105000,5000,원(KRW),02-746-1114,서울특별시 종로구  율곡로 75 ,791,
267270,현대건설기계,32901,일반 목적용 기계 제조업,19700793,98503965000,5000,원(KRW),031-8006-6000,서울특별시 종로구 율곡로 75 ,791,
5440,현대그린푸드,74701,종합 소매업,97704482,48852241000,500,원(KRW),031-525-2233,경기도 용인시 수지구 문인로 30 ,791,
86280,현대글로비스,85209,기타 운송관련 서비스업,37500000,18750000000,500,원(KRW),02-6191-9114,서울특별시 강남구 테헤란로 301 -,791,
64350,현대로템,33102,철도장비 제조업,85000000,425000000000,5000,원(KRW),055-273-1341,경상남도 창원시 의창구  창원대로 488 ,791,
79430,현대리바트,33201,가구 제조업,20535282,20535282000,1000,원(KRW),02-3480-8001,경기도 용인시 처인구  남사면 경기동로 316 리바트,791,
12330,현대모비스,33003,자동차 신품 부품 제조업,97343863,490969315000,5000,원(KRW),02-2018-5114,서울 강남구 역삼1동 로담코빌딩 140-2,791,
10620,현대미포조선,33101,선박 및 보트 건조업,39942149,199710745000,5000,원(KRW),052-250-3114,울산광역시 동구 방어진순환도로 100 (주)현대미포조선,791,
69960,현대백화점,74701,종합 소매업,23402441,117012205000,5000,원(KRW),02-549-2233,서울특별시 강남구 압구정로 201 ,791,
4560,현대비앤지스틸,32401,1차 철강 제조업,15078811,75943315000,5000,원(KRW),055-268-4114,경상남도 창원시 성산구  적현로 124 ,791,
11200,현대상선,85001,해상 운송업,313805827,1569029135000,5000,원(KRW),02-3706-5114,서울특별시 종로구  율곡로 194 ,791,
4310,현대약품,32102,의약품 제조업,32000000,16000000000,500,원(KRW),041-570-5114,충청남도 천안시 동남구  풍세면 잔다리길 55 ,791,
126560,현대에이치씨엔,106002,텔레비전 방송업,112876596,56438298000,500,원(KRW),02-1877-8000,서울특별시 서초구  반포대로 19 에이치씨엔빌딩,791,
17800,현대엘리베이터,32901,일반 목적용 기계 제조업,27158266,135791330000,5000,원(KRW),031-644-5114,경기도 이천시  부발읍 경충대로 2091 현대엘리베이터(주),791,
307950,현대오토에버,105802,소프트웨어 개발 및 공급업,21000000,10500000000,500,원(KRW),02-6296-6000,서울특별시 강남구 영동대로 417 오토웨이타워 ,791,
11210,현대위아,33003,자동차 신품 부품 제조업,27195083,135975415000,5000,원(KRW),055-280-9114,경상남도 창원시 성산구  정동로 153 ,791,
267260,현대일렉트릭,32801,"전동기, 발전기 및 전기 변환 · 공급 · 제어 장치 제조업",20357135,101785675000,5000,원(KRW),02-746-7545,서울특별시 종로구 율곡로 75 ,791,
5380,현대자동차,33001,자동차용 엔진 및 자동차 제조업,213668187,1488993125000,5000,원(KRW),02-3464-1114,서울특별시 서초구  헌릉로 12 ,791,
4020,현대제철,32401,1차 철강 제조업,133445785,667228925000,5000,원(KRW),032-760-2114,인천광역시 동구  중봉대로 63 ,791,
11760,현대종합상사,74608,상품 종합 도매업,13228966,66144830000,5000,원(KRW),02-390-1114,서울특별시 종로구 율곡로2길 25 연합미디어센터빌딩 16층,791,
9540,현대중공업,33101,선박 및 보트 건조업,70773116,353865580000,5000,원(KRW),052-202-2114,울산광역시 동구  방어진순환도로 1000 현대중공업 ,791,
267250,현대중공업지주,116409,기타 금융업,16286617,81433085000,5000,원(KRW),053-670-7114,대구광역시 달성군 유가면 테크노순환로3길 50 ,791,
1500,현대차증권,116601,금융 지원 서비스업,29337111,146685555000,5000,원(KRW),02-3787-2114,서울특별시 영등포구  국제금융로2길 32 ,791,
227840,현대코퍼레이션홀딩스,74603,음·식료품 및 담배 도매업,9100836,45504180000,5000,원(KRW),02-390-1568,서울특별시 종로구 율곡로2길 25 ,791,
1450,현대해상,116501,보험업,89400000,44700000000,500,원(KRW),02-1588-5656,서울 종로구 세종로 현대해상화재보험빌딩 ,791,
57050,현대홈쇼핑,74709,무점포 소매업,12000000,60000000000,5000,원(KRW),02-2143-2000,서울특별시 강동구  올림픽로70길 34 ,791,
93240,형지엘리트,31401,봉제의복 제조업,31154798,15577399000,500,원(KRW),02-3279-8015,서울특별시 강남구 테헤란로38길 12 디앤와이빌딩,791,
3010,혜인,74605,기계장비 및 관련 물품 도매업,12712747,6356373500,500,원(KRW),02-3498-4500,서울특별시 서초구  동산로 86 혜인빌딩,791,
111110,호전실업,31401,봉제의복 제조업,8000000,4657880000,500,원(KRW),02-706-6613,"서울특별시 마포구 마포대로 19 신화빌딩, 11층, 12층 ",791,
8770,호텔신라,74708,기타 상품 전문 소매업,39248121,200000000000,5000,원(KRW),02-2233-3131,서울특별시 중구 동호로 249 (주) 호텔신라,791,
2460,화성산업,64101,건물 건설업,12450800,62254000000,5000,원(KRW),053-767-2111,대구광역시 수성구  동대구로 111 ,791,
13520,화승알앤에이,33003,자동차 신품 부품 제조업,64561210,32280605000,500,원(KRW),055-370-3331-4,경상남도 양산시  충렬로 61 ,791,
241590,화승엔터프라이즈,116409,기타 금융업,60536670,30268335000,500,원(KRW),02-588-8042,"부산광역시 연제구 중앙대로 1079 장천빌딩 6층 (연산동, 장천빌딩)",791,
6060,화승인더스트리,32202,플라스틱제품 제조업,55320000,27660000000,500,원(KRW),051-311-0081,부산광역시 연제구 중앙대로 1079 장천빌딩 6층,791,
10690,화신,33003,자동차 신품 부품 제조업,34920410,17460205000,500,원(KRW),054-330-5400,경상북도 영천시  도남공단길 94-2 ,791,
133820,화인베스틸,32401,1차 철강 제조업,29550000,16050000000,500,원(KRW),055-259-2000,경상남도 창녕군 창녕읍 창밀로 259-33 ,791,
10660,화천기계,32902,특수 목적용 기계 제조업,2200000,11000000000,5000,원(KRW),02-523-7766,서울특별시 서초구  방배로 46 ,791,
850,화천기공,32902,특수 목적용 기계 제조업,2200000,11000000000,5000,원(KRW),062-951-5111,광주광역시 광산구 하남산단4번로 123-17 (장덕동) 화천기공(주),791,
16580,환인제약,32102,의약품 제조업,18600070,9700035000,500,원(KRW),02-405-3000,"서울특별시 송파구 법원로6길 11 (문정동, 환인빌딩)",791,
32560,황금에스티,32402,1차 비철금속 제조업,14000000,7000000000,500,원(KRW),031-363-8000,경기도 안산시 단원구 엠티브이1로 25 (주)황금에스티,791,
4800,효성,32005,화학섬유 제조업,21071025,105355125000,5000,원(KRW),02-707-7000,서울특별시 마포구  마포대로 119 (공덕동) ,791,
94280,효성 ITX,147509,기타 사업지원 서비스업,11558200,5779100000,500,원(KRW),02-2102-8400,서울특별시 영등포구  선유동2로 57 이레빌딩 15층,791,
298040,효성중공업,32801,"전동기, 발전기 및 전기 변환 · 공급 · 제어 장치 제조업",9324548,46622740000,5000,원(KRW),02-707-7000,서울특별시 마포구 마포대로 119 효성빌딩 ,791,
298050,효성첨단소재,32005,화학섬유 제조업,4479948,22399740000,5000,원(KRW),02-707-7000,서울특별시 마포구 마포대로 119 효성빌딩 ,791,
298020,효성티앤씨,32005,화학섬유 제조업,4327682,21638410000,5000,원(KRW),02-707-7000,서울특별시 마포구 마포대로 119 ,791,
298000,효성화학,32001,기초 화학물질 제조업,3190126,15950630000,5000,원(KRW),02-2146-5500,서울특별시 서초구 반포대로 235 ,791,
93370,후성,32001,기초 화학물질 제조업,92606819,46303409500,500,원(KRW),031-627-4328,경기도 화성시  팔탄면 현대기아로 72-37 ,791,
81660,휠라코리아,74604,생활용품 도매업,61115070,61674420000,1000,원(KRW),02-523-6100,"서울특별시 서초구  명달로 6 (서초동, 11호) ",791,
5870,휴니드테크놀러지스,32604,통신 및 방송 장비 제조업,14116015,70580075000,5000,원(KRW),032-457-6000,인천광역시 연수구  벤처로 87 ,791,
79980,휴비스,32005,화학섬유 제조업,34500000,172500000000,5000,원(KRW),02-2189-4567,서울특별시 강남구  학동로 343 ,791,
5010,휴스틸,32401,1차 철강 제조업,7621668,38108340000,5000,원(KRW),02-828-9000,"서울특별시 강남구  테헤란로 512 (대치동, 신안빌딩 14층)",791,
